Ajwain Seeds,Almond,Almonds,Amchur Powder,Anardana,Anjeer,Apricots,Assorted Dried Fruits,Avocado Oil,Basil Leaves,Basil Seeds,Bay Leaf,Berries,Berries Mix,Betel Nuts,Big Mustard Seeds,Biryani Masala,Bisi Bele Bhath Masala,Black Cardamom Whole,Black Raisins,Black Salt,Black Sesame Seeds,Blended Cooking Oil,Brown Sugar,Canola Oil,Cashews,Cassia Bark (Taj),Chai Masala,Chana Masala,Chat Masala,Chia Seeds,Chicken Masala,Chilli Flakes,Chilli Oil,Chilli Powder,Chilli Whole,Chironji,Chole Masala,Chutney Powder,Cinnamon Powder,Cinnamon Whole (Dalchini),Clove Whole,Coconut Milk Powder,Coconut Oil,Coconut Powder,Combo,Coriander Powder,Coriander Seeds,Cow Ghee,Cranberries,Cumin Powder / Jeera Powder,Cumin Seeds / Jeera Seeds,Curry Masala,Dal Masala,Dates,Demerara Sugar,Dried Amla,Dried Apricots,Dried Blueberries,Dried Coconut,Dried Cranberries,Dried Dates,Dried Plums,Drops,Edible Oil,Egg Masala,Extra Light Olive Oil,Extra Virgin Olive Oil,Fish Masala,Flavoured Almonds,Flavoured Cashew,Flax Seeds,Garam Masala,Garam Masala Whole,Garlic Granules,Garlic Powder,Ghee,Gift Pack,Ginger Powder,Goda Masala,Gond,Green Cardamom Whole,Grinder,Groundnut,Groundnut Oil,Groundnuts,Gur Chana,Hemp Seed Oil,Hing Powder,Hing Whole,Italian Seasoning,Jaggery,Jaggery Cubes,Jaggery Powder,Jaljeera Masala,Javitri,Kalonji,Kasuri Methi,Kebab Masala,Khand,Kitchen King Masala,Kokum,Lemongrass,Makhana,Marathi Moggu,Masala,Meat Masala,Meat Ularthu Masala,Methi Seeds,Mishri,Mix,Mix Masala,Mix Nuts,Mix Seeds,Mixed Herbs,Munakka,Mustard Oil,Mustard Powder,Mutton Masala,Nutmeg Powder,Nutmeg Whole,Nuts,Oil,Olive Oil,Onion & Garlic Masala,Onion Powder,Oregano,Palmolein Oil,Paneer Masala,Pani Puri Masala,Paprika Powder,Parsley Leaves,Pav Bhaji Masala,Peanuts,Pepper Powder,Peppercorns,Pink Salt,Pistachios,Pomace Olive Oil,Poppy Seeds,Powder,Prunes,Puliogare Powder,Pumpkin Seeds,Pure Olive Oil,Raisins,Raita Masala,Rajma Masala,Rasam Masala,Rice Bran Oil,Rice Masala,Rock Salt,Sabzi Masala,Saffron,Salt,Salt Lite,Sambhar Masala,Sambhar Powder,Saunf Seeds,Seasoning,Seasoning Mix,Seeds,Seeds Mix,Sesame Oil,Small Mustard Seeds,Soyabean Oil,Spice,Spice Mix,Spices,Star Anise,Stevia Powder,Sugar,Sugar Powder,Sulphurless Sugar,Sunflower Oil,Sunflower Seeds,Sweetener,Tamarind (Imli),Tamarind Powder,Tikka Masala,Turmeric Powder,Turmeric Whole,Vanaspati,Vegetable Oil,Walnut Kernels,Walnuts,Watermelon Seeds,White Sesame Seeds
0,0,1679,2250,165,199,2,14,0,4,115,576,0,1,0,562,157,5,1112,60,1232,38,435,43,52,1406,1051,19,550,1893,71,639,130,0,7006,1439,63,568,39,3,43,1324,9,9,160,25,4975,1549,1353,0,1131,10887,11,66,195,0,25,37,7,46,9,75,3,0,1018,1,67,94,18,2,5,416,2731,196,0,2,2959,0,134,3,75,2297,14,9,297,0,15,0,3955,12,40,458,44,369,235,55,966,1969,4,87,1172,13,1,1170,9,24,531,0,4041,351,0,4,4,0,1,59,7315,0,1,0,84,3,0,67,10,0,223,23,170,65,0,7,458,2015,836,1605,6,183,182,86,2,1,15,315,37,1329,2,315,43,1157,1,864,1510,6,6211,1340,691,27,5409,255,11,30,4,120,2296,3587,1,0,1,31,0,2640,172,4789,1110,204,187,853,0,0,5668,68,92,9,481,87,220,450
0,0,0,0,0,0,0,0,0,0,0,0,0,0,0,0,0,0,0,0,0,0,0,0,0,0,0,0,0,0,0,0,0,0,0,0,0,0,0,0,0,0,0,0,0,0,0,0,0,0,0,0,0,0,0,0,0,0,0,0,0,0,0,0,0,0,0,0,0,0,0,0,0,0,0,0,0,0,0,0,0,0,0,0,0,0,0,0,0,0,0,0,0,0,0,0,0,0,0,0,0,0,0,0,0,0,0,0,0,0,0,0,0,0,0,0,0,0,0,0,0,0,0,0,0,0,0,0,0,0,0,0,0,0,0,0,0,0,0,0,0,0,0,0,0,0,0,0,0,0,0,0,0,0,0,0,0,0,0,0,0,0,0,0,0,0,0,0,0,0,0,0,0,0,0,0,0,0,0,0,0,0,0,0,0,0,0,0
1679,0,0,1391,61,3575,49,111,0,8,251,373,0,44,4,373,233,26,798,1079,979,63,581,73,79,33412,927,28,441,1651,319,822,138,0,6895,1358,598,568,53,4,30,988,25,74,459,51,4741,1114,3016,0,1056,8046,11,61,2784,0,178,511,82,416,95,912,42,0,1810,1,107,281,35,25,48,1209,2590,156,0,0,5933,1,120,1,137,2947,12,43,695,5,17,0,3465,16,48,1032,74,786,267,41,282,1169,4,179,1134,10,3,6818,8,30,660,0,1713,833,4,4,45,0,1,646,12225,0,3,1,58,37,0,59,15,1,252,68,200,84,1,11,408,6530,629,1410,11,5533,344,205,2,20,76,1807,70,22228,2,237,75,2082,3,910,1879,45,8803,1729,677,72,2418,329,7,240,33,253,1282,5765,0,0,0,16,0,5246,353,8166,2429,971,382,752,0,0,5915,51,136,19,11979,1770,1055,629
2250,0,1391,0,324,143,3,11,0,5,48,374,0,1,1,347,264,12,817,36,1309,18,456,23,54,1209,632,47,1027,4482,49,811,166,0,9741,1286,64,1186,110,5,28,846,19,11,235,36,7160,1188,1528,0,1904,7652,18,106,186,0,32,23,5,36,4,50,6,0,1134,0,92,101,33,4,2,168,4322,192,0,1,3362,0,254,5,51,1666,15,5,290,1,11,0,5215,12,56,391,31,283,491,35,261,2100,8,114,1789,7,4,1070,4,51,621,0,1439,278,1,1,6,0,0,51,6643,0,1,0,74,3,0,72,5,3,254,23,281,166,0,11,906,1875,1247,1051,8,146,221,40,1,1,25,161,29,933,5,655,77,1182,2,1011,1910,8,6189,1409,1439,35,2373,329,6,24,3,95,1381,3802,1,0,1,13,0,2547,231,5148,1168,116,199,1159,0,0,6215,23,90,21,376,81,122,236
165,0,61,324,0,18,0,0,0,0,8,26,0,0,0,20,10,0,148,3,49,0,31,0,1,75,100,0,103,168,3,33,12,0,417,109,9,103,9,0,0,101,0,0,34,0,230,113,62,0,73,395,0,9,6,0,23,1,1,2,1,4,1,0,64,0,4,8,1,1,1,19,144,33,0,0,173,0,21,0,24,201,2,0,16,0,2,0,214,0,8,21,6,19,25,24,32,159,0,9,77,0,0,62,0,2,37,0,118,20,0,1,2,0,0,2,299,0,0,0,35,0,0,5,0,1,15,0,16,6,1,2,49,73,59,131,0,5,18,5,0,0,0,16,0,47,0,31,4,62,0,61,66,2,284,66,57,0,230,24,2,2,0,6,92,174,0,0,0,0,0,112,15,253,38,15,15,156,0,0,226,3,12,1,18,4,21,31
199,0,3575,143,18,0,53,54,0,1,72,54,0,15,0,57,28,8,91,477,142,17,59,15,7,2828,113,5,40,138,80,88,19,0,580,192,71,54,8,1,7,126,4,18,43,55,401,151,350,0,90,742,3,17,881,0,60,453,47,47,45,346,27,0,180,0,18,46,5,7,11,288,248,20,0,0,465,0,13,2,30,321,5,4,109,0,4,0,361,4,8,152,15,118,41,6,42,136,0,16,104,1,1,978,1,3,62,0,228,56,0,0,16,0,0,388,1022,0,0,0,11,7,0,5,4,0,31,6,32,10,0,0,48,820,64,181,3,1247,31,32,0,18,13,486,8,2472,0,35,18,251,0,126,204,9,718,172,77,11,327,43,2,51,15,42,183,368,0,0,0,5,0,412,24,774,284,230,34,107,0,0,535,6,11,1,2587,305,211,158
2,0,49,3,0,53,0,2,0,0,1,2,0,6,0,3,0,0,1,11,3,0,1,0,0,51,0,1,0,2,1,1,1,0,8,2,3,0,1,0,0,0,0,0,0,0,6,4,8,0,1,9,0,0,17,0,1,10,7,0,11,13,8,0,7,0,0,1,0,1,1,2,1,0,0,0,6,0,0,0,0,3,0,0,2,0,1,0,3,0,0,1,0,0,0,0,0,0,0,0,1,0,0,17,0,0,0,0,4,0,0,0,2,0,0,2,7,0,0,0,0,2,0,1,0,0,0,1,0,1,0,0,1,15,0,3,0,28,0,1,0,11,2,15,0,46,0,0,1,1,0,2,1,0,13,1,1,1,4,2,0,0,5,1,4,2,0,0,0,1,0,7,1,11,5,3,1,1,0,0,7,0,0,0,32,10,7,0
14,0,111,11,0,54,2,0,0,1,5,4,0,12,0,1,6,0,5,11,7,0,4,0,3,139,7,0,5,17,3,8,1,0,47,17,14,13,0,0,0,13,1,0,18,7,44,2,34,0,15,39,1,4,28,0,14,24,11,9,12,10,3,0,12,0,0,5,2,3,5,15,32,4,0,0,76,0,3,0,3,26,0,2,1,0,3,0,31,0,1,13,5,10,7,0,5,10,0,1,10,0,0,82,0,0,9,0,8,10,0,0,37,0,0,11,109,0,0,0,0,10,0,1,0,0,0,1,8,1,0,0,5,61,7,7,0,67,6,1,1,0,0,13,2,91,0,2,1,17,0,7,21,2,55,12,3,0,25,4,0,4,3,3,9,48,0,0,0,0,0,45,5,54,17,12,6,3,0,0,47,1,1,1,91,10,11,7
0,0,0,0,0,0,0,0,0,0,0,0,0,0,0,0,0,0,0,0,0,0,0,0,0,0,0,0,0,0,0,0,0,0,0,0,0,0,0,0,0,0,0,0,0,0,0,0,0,0,0,0,0,0,0,0,0,0,0,0,0,0,0,0,0,0,0,0,0,0,0,0,0,0,0,0,0,0,0,0,0,0,0,0,0,0,0,1,0,0,0,0,0,0,0,0,0,0,0,0,0,0,0,0,0,0,0,0,0,0,0,0,0,0,0,0,0,0,0,0,0,0,0,0,0,0,0,0,0,0,0,0,0,0,0,0,0,0,0,0,0,0,0,0,0,0,0,0,0,0,0,0,0,0,0,0,0,0,0,0,0,0,0,0,0,0,0,0,0,0,0,0,0,0,0,0,0,0,0,0,0,0,0,0,0,0,0,0
4,0,8,5,0,1,0,1,0,0,1,2,0,0,0,2,3,0,6,2,6,1,0,1,0,11,4,0,1,8,2,5,38,0,25,8,0,2,1,0,0,14,0,0,1,3,15,7,9,0,8,17,0,0,1,0,0,1,2,0,1,0,1,0,9,0,5,25,0,0,0,1,15,0,0,0,10,0,5,0,0,11,8,0,1,0,0,0,15,0,17,1,0,3,5,2,7,11,1,0,3,1,5,1,0,1,2,0,5,1,0,0,0,0,0,0,15,0,0,0,3,0,0,0,0,1,76,1,3,0,0,64,6,7,17,7,2,3,2,0,0,0,0,2,2,4,0,0,0,7,0,3,7,0,19,5,5,0,12,108,6,3,0,0,9,8,1,0,0,1,0,9,0,16,13,1,5,1,0,0,16,2,1,0,5,0,1,6
115,0,251,48,8,72,1,5,0,1,0,23,0,2,0,40,11,2,41,41,53,13,24,6,4,201,47,3,10,63,177,34,12,0,220,86,11,17,8,1,8,41,1,6,31,3,126,87,98,0,64,299,0,5,109,0,7,18,4,10,7,33,2,0,61,0,8,19,1,0,0,383,65,2,0,0,108,0,3,0,84,92,3,1,31,0,0,0,105,3,9,41,2,53,16,3,43,56,1,15,30,4,0,135,2,4,20,0,144,21,0,0,1,0,0,7,279,0,0,1,5,1,0,4,2,1,16,5,3,7,0,2,25,211,24,53,1,67,19,23,0,2,3,420,2,179,0,12,7,90,0,45,51,3,267,49,35,5,210,30,2,37,2,11,110,120,0,0,0,6,0,167,7,242,118,327,18,54,0,0,167,1,3,1,94,20,264,136
576,0,373,374,26,54,2,4,0,2,23,0,0,2,0,253,253,19,1027,35,404,34,85,37,6,665,1822,22,74,440,15,531,51,0,1804,1648,12,254,7,0,193,1509,14,17,43,15,1346,526,616,0,788,2140,25,15,99,0,2,6,1,20,0,34,0,0,329,3,23,45,11,1,1,64,1071,49,0,0,516,0,17,6,23,1507,7,1,122,0,1,0,781,14,16,153,23,154,60,53,196,882,5,4,322,12,0,185,85,11,292,0,604,58,0,1,7,0,0,9,1668,0,5,1,40,0,0,6,9,0,66,20,106,24,0,3,161,661,403,823,2,78,27,124,0,0,34,51,11,400,2,109,35,340,0,152,378,3,1512,287,214,44,677,77,1,4,5,41,692,465,1,0,2,164,0,665,12,1081,648,31,51,262,1,0,1523,20,13,3,98,23,55,179
0,0,0,0,0,0,0,0,0,0,0,0,0,0,0,0,0,0,0,0,0,0,0,0,0,0,0,0,0,0,0,0,0,0,0,0,0,0,0,0,0,0,0,0,0,0,0,0,0,0,0,0,0,0,0,0,0,0,0,0,0,0,0,0,0,0,0,0,0,0,0,0,0,0,0,0,0,0,0,0,0,0,0,0,0,0,0,0,0,0,0,0,0,0,0,0,0,0,0,0,0,0,0,0,0,0,0,0,0,0,0,0,0,0,0,0,0,0,0,0,0,0,0,0,0,0,0,0,0,0,0,0,0,0,0,0,0,0,0,0,0,0,0,0,0,0,0,0,0,0,0,0,0,0,0,0,0,0,0,0,0,0,0,0,0,0,0,0,0,0,0,0,0,0,0,0,0,0,0,0,0,0,0,0,0,0,0,0
1,0,44,1,0,15,6,12,0,0,2,2,0,0,0,2,1,1,0,7,3,0,2,3,0,46,1,0,1,6,4,3,1,0,7,3,0,0,0,0,0,0,1,2,2,1,6,1,10,0,3,10,0,0,11,0,3,7,5,1,2,8,1,0,5,0,0,2,0,1,1,2,2,0,0,0,4,0,0,0,0,4,1,0,2,0,0,0,4,0,0,4,0,1,1,0,0,4,0,0,0,0,0,8,0,0,0,0,5,0,0,0,20,0,0,1,11,0,0,0,0,2,0,0,0,0,2,1,1,0,0,0,0,9,3,4,1,24,0,1,0,6,1,7,0,22,0,0,2,1,0,2,3,0,10,4,2,2,4,3,0,3,5,1,6,1,0,0,0,0,0,6,0,12,5,4,1,1,0,0,7,0,0,0,15,6,3,5
0,0,4,1,0,0,0,0,0,0,0,0,0,0,0,0,1,0,3,0,0,0,1,0,0,3,4,0,2,3,0,0,0,0,7,2,1,1,0,0,0,14,0,0,1,0,4,4,3,0,1,8,0,0,0,0,0,0,0,3,0,0,0,0,0,0,1,0,0,0,0,1,2,0,0,0,7,0,1,0,1,14,0,0,0,0,0,0,1,0,0,4,0,2,0,0,1,3,0,0,1,0,0,4,0,0,1,0,2,3,0,0,1,0,0,0,8,0,0,0,4,0,0,0,0,0,0,0,0,0,0,0,2,2,0,0,0,2,0,0,0,0,0,0,0,1,0,1,0,0,0,0,1,0,6,2,1,0,4,0,0,0,0,1,1,4,0,0,0,0,0,5,2,10,0,0,0,1,0,0,3,6,0,0,0,1,0,0
562,0,373,347,20,57,3,1,0,2,40,253,0,2,0,0,79,16,147,32,206,45,136,43,14,482,280,14,66,341,31,216,33,0,1836,800,7,156,17,0,21,315,12,62,37,9,1208,529,585,0,436,3428,13,20,96,0,2,9,0,29,1,27,0,0,352,3,22,31,9,2,2,81,615,26,0,0,648,0,18,6,12,467,8,0,296,0,2,0,990,16,7,291,35,181,46,9,165,369,7,15,200,11,0,160,20,18,119,0,1030,50,0,0,2,0,0,8,1146,0,3,0,12,1,0,16,10,0,49,41,36,18,0,5,124,1136,186,482,2,73,38,92,0,2,54,81,5,319,1,59,56,490,2,214,296,3,2045,386,253,63,763,69,2,8,2,142,682,469,0,0,0,22,0,834,19,1519,1153,42,55,421,0,0,1604,17,12,4,89,16,52,219
157,0,233,264,10,28,0,6,0,3,11,253,0,1,1,79,0,21,205,19,133,3,85,16,11,406,254,21,129,493,7,870,47,0,1239,265,12,370,17,0,28,238,8,13,28,12,795,136,426,0,397,867,46,59,48,0,1,7,0,23,0,16,1,0,203,4,10,17,19,1,2,32,845,56,0,0,349,0,26,10,2,344,4,2,67,0,2,0,432,7,14,70,10,68,106,18,38,277,23,11,391,5,0,150,15,25,380,0,149,31,0,5,2,0,0,3,926,0,9,1,17,0,0,9,23,1,48,10,194,61,0,2,332,394,189,176,1,62,22,28,0,0,26,31,8,198,6,213,48,256,3,96,558,10,854,187,363,33,198,73,1,3,2,21,211,433,0,0,1,25,0,409,12,683,397,14,32,104,0,0,829,3,7,4,58,8,36,77
5,0,26,12,0,8,0,0,0,0,2,19,0,1,0,16,21,0,3,5,8,0,9,7,0,49,26,2,4,19,3,30,3,0,110,52,0,21,11,0,0,14,1,7,5,1,58,12,50,0,17,95,4,2,11,0,0,2,0,0,0,3,0,0,16,2,0,4,0,0,0,4,60,0,0,0,55,0,0,0,0,23,0,0,22,0,0,0,51,0,1,28,4,21,4,0,0,18,1,0,12,0,0,9,8,5,10,0,33,2,0,0,0,0,0,0,15,0,2,0,0,0,0,0,0,0,1,13,4,3,0,0,20,111,9,29,0,6,0,14,1,0,154,2,0,31,0,6,47,31,0,2,28,1,137,19,40,66,22,5,2,2,1,6,35,8,0,0,0,2,0,48,0,95,137,0,4,34,0,0,79,0,1,0,6,1,2,6
1112,0,798,817,148,91,1,5,0,6,41,1027,0,0,3,147,205,3,0,49,475,15,194,21,39,1047,2957,9,244,833,27,568,76,0,3100,1350,40,323,22,2,145,3211,5,7,107,20,1990,860,634,0,636,3717,6,29,100,0,22,16,8,44,7,28,1,0,498,1,30,59,12,3,2,112,1290,203,0,0,1234,0,92,3,27,4355,8,5,105,0,3,0,1370,7,24,200,11,116,95,252,249,914,2,39,487,8,4,505,33,13,465,0,803,123,0,1,1,0,0,29,3109,0,1,2,268,0,0,28,5,1,108,5,101,31,0,9,209,844,472,2233,2,158,98,76,1,0,10,119,15,667,0,168,20,541,0,337,558,5,2293,607,320,17,1541,133,1,6,4,40,745,1408,1,0,0,129,0,1058,69,2187,490,67,86,431,0,0,2123,30,53,3,205,36,92,179
60,0,1079,36,3,477,11,11,0,2,41,35,0,7,0,32,19,5,49,0,64,16,13,8,4,914,36,2,9,48,46,42,5,0,198,69,10,18,3,0,10,44,1,9,17,12,123,51,111,0,39,246,2,2,209,0,14,113,23,15,29,90,9,0,51,0,8,17,1,5,5,145,80,1,0,0,154,0,3,1,12,109,1,3,58,0,2,0,93,3,2,47,8,49,6,1,28,62,2,8,36,1,0,210,4,3,13,0,81,16,0,0,1,0,0,51,243,0,0,0,6,2,0,2,0,0,7,3,4,3,0,1,19,271,28,64,3,320,10,19,0,11,3,260,6,819,0,8,7,86,0,42,57,2,215,52,33,6,104,16,0,25,6,17,85,98,0,0,0,2,0,106,7,223,132,116,16,36,0,0,145,2,0,0,529,64,123,71
1232,0,979,1309,49,142,3,7,0,6,53,404,0,3,0,206,133,8,475,64,0,16,218,46,33,1031,419,22,278,3496,59,531,143,0,3753,805,31,425,31,2,24,512,5,12,81,31,2447,629,953,0,1021,3877,13,43,171,0,11,26,8,20,2,65,3,0,637,2,48,97,14,3,5,151,1483,64,0,0,1648,0,58,2,34,1032,54,5,202,0,9,0,2043,6,43,354,43,310,342,12,189,875,4,76,727,9,1,755,3,30,380,0,767,258,1,2,0,0,3,40,4367,0,2,0,23,1,0,48,9,2,184,24,130,114,1,2,293,1216,1102,801,22,171,108,58,0,0,24,124,33,797,2,198,32,711,0,958,1021,6,4688,1200,465,29,1162,241,11,18,2,79,784,1722,1,0,1,17,0,1722,131,3285,821,62,193,405,0,0,2901,15,31,8,276,67,97,144
38,0,63,18,0,17,0,0,0,1,13,34,0,0,0,45,3,0,15,16,16,0,12,13,0,85,38,0,2,16,24,10,6,0,69,99,0,14,2,0,2,51,2,18,5,2,41,65,59,0,20,149,2,0,17,0,0,0,1,3,0,11,1,0,16,0,2,7,1,0,0,85,39,0,0,0,58,0,0,0,1,46,0,0,35,0,0,0,58,4,1,96,11,42,8,2,18,25,0,0,10,1,0,15,3,1,4,0,82,3,0,0,0,0,0,0,50,0,0,0,2,0,0,2,1,0,7,3,4,2,0,2,6,128,12,58,0,11,1,36,0,1,5,90,1,53,0,5,5,24,0,11,14,0,112,18,18,11,69,8,1,35,1,55,97,12,1,0,0,3,0,55,0,84,106,20,4,55,0,0,79,3,1,0,19,7,49,238
435,0,581,456,31,59,1,4,0,0,24,85,0,2,1,136,85,9,194,13,218,12,0,22,25,546,161,15,135,493,16,245,57,0,2344,366,10,187,10,1,8,236,10,25,58,21,1438,290,1145,0,413,2000,6,31,93,0,8,18,5,27,4,22,2,0,362,0,45,80,8,1,1,58,764,39,0,0,1613,0,20,4,11,529,6,3,98,0,4,0,919,4,13,148,22,110,48,20,60,307,1,44,288,2,1,365,3,12,176,0,301,64,0,0,2,0,1,14,3243,0,0,0,13,0,0,44,2,0,81,22,58,22,1,1,157,750,216,305,1,82,96,33,1,0,22,45,21,326,2,101,25,265,0,335,459,2,2471,848,233,30,526,100,1,8,2,97,404,262,0,0,0,3,0,992,71,3196,301,21,129,238,0,0,1639,9,25,12,134,38,36,86
43,0,73,23,0,15,0,0,0,1,6,37,0,3,0,43,16,7,21,8,46,13,22,0,1,115,34,3,9,29,7,35,14,0,192,117,2,25,5,0,0,43,8,19,10,3,120,51,124,0,52,245,3,3,27,0,0,1,0,0,0,15,1,0,83,0,3,16,1,0,0,20,71,1,0,0,119,0,1,0,0,71,0,0,89,0,0,0,127,3,1,68,13,162,2,0,10,34,1,1,33,0,1,44,4,0,16,0,86,12,0,0,0,0,0,1,211,0,0,0,1,0,0,3,0,0,5,8,5,1,0,2,19,156,22,68,1,27,9,22,0,1,12,18,2,66,0,8,7,101,0,29,53,0,352,88,33,14,61,9,0,4,0,39,95,38,0,0,1,6,0,199,6,468,192,0,15,53,0,0,170,3,1,1,20,14,16,37
52,0,79,54,1,7,0,3,0,0,4,6,0,0,0,14,11,0,39,4,33,0,25,1,0,55,24,0,17,61,0,24,5,0,264,36,1,24,3,0,2,21,1,0,10,0,172,35,134,0,39,237,0,9,12,0,3,1,1,3,0,1,0,0,54,0,6,16,0,0,1,9,93,2,0,0,189,0,1,0,2,60,0,0,10,0,0,0,121,0,5,21,0,14,9,1,8,50,0,13,40,0,0,53,0,2,29,0,26,14,0,0,1,0,1,1,534,0,0,0,1,2,0,7,1,0,8,1,10,1,0,0,23,77,27,30,1,9,37,1,0,0,0,11,9,29,0,15,1,46,0,60,72,0,213,97,20,0,73,13,0,0,0,12,51,46,0,0,0,0,0,116,9,323,31,6,17,28,0,0,192,2,3,2,23,3,9,11
1406,0,33412,1209,75,2828,51,139,0,11,201,665,0,46,3,482,406,49,1047,914,1031,85,546,115,55,0,1217,41,405,1677,212,1108,168,0,6852,1874,835,644,69,3,46,1323,51,126,612,68,4589,1101,3486,0,1424,7605,22,70,2454,0,160,556,84,483,89,954,24,0,1789,2,88,227,44,61,52,844,2644,198,0,0,5540,0,130,5,134,3549,16,44,888,5,11,0,3242,16,55,1211,116,842,270,60,324,1627,9,106,1248,15,3,6917,35,38,796,0,1578,795,1,3,51,0,0,507,11328,0,5,3,90,37,0,68,13,1,272,83,434,108,2,15,402,6751,655,1704,12,6822,281,381,4,19,120,1351,70,25373,4,256,105,2105,0,837,1897,58,8639,1595,672,113,1987,337,5,173,30,311,1544,5380,1,0,1,61,0,5212,294,8158,3028,684,352,948,0,0,5647,41,120,18,8113,1097,1295,700
1051,0,927,632,100,113,0,7,0,4,47,1822,0,1,4,280,254,26,2957,36,419,38,161,34,24,1217,0,16,195,716,41,676,68,0,3180,1614,38,308,21,2,24,3455,16,22,127,20,2097,750,755,0,849,3896,10,26,141,0,8,22,4,28,3,58,0,0,496,1,26,54,24,1,3,199,1407,137,0,1,1062,0,79,4,34,3462,5,3,189,1,3,0,1263,11,28,303,30,230,123,176,268,1027,3,30,509,9,1,516,91,25,476,0,1162,172,0,4,0,0,0,20,3279,0,7,1,195,3,0,11,6,0,101,37,123,43,0,14,202,1129,460,1949,1,135,88,183,0,1,46,142,16,840,1,152,51,661,1,262,616,5,2923,576,329,54,1481,114,4,10,5,52,1003,1471,0,0,3,154,0,1387,54,2071,930,78,106,490,1,0,2408,39,40,4,239,43,111,254
19,0,28,47,0,5,1,0,0,0,3,22,0,0,0,14,21,2,9,2,22,0,15,3,0,41,16,0,4,65,1,31,5,0,127,30,1,43,3,1,10,20,0,3,1,2,79,19,67,0,38,74,4,5,8,0,0,2,0,1,0,0,2,0,27,2,3,1,2,0,0,1,72,0,0,0,55,0,8,1,0,52,0,0,30,0,0,0,65,3,1,8,2,13,17,2,4,26,6,0,34,1,0,20,1,4,27,0,16,1,0,1,0,0,0,0,60,0,1,0,0,1,0,1,3,0,4,1,13,7,0,2,44,59,27,15,0,3,2,2,1,0,2,4,0,11,0,10,8,36,0,13,47,1,97,31,30,7,30,12,0,0,1,4,31,17,0,0,0,1,0,46,0,138,65,1,10,15,0,0,86,0,1,0,6,0,3,8
550,0,441,1027,103,40,0,5,0,1,10,74,0,1,2,66,129,4,244,9,278,2,135,9,17,405,195,4,0,1526,10,465,45,0,2862,312,24,373,33,0,3,231,7,3,52,9,1748,250,403,0,430,1952,7,69,45,0,15,6,0,8,3,9,2,0,374,0,21,29,21,3,1,51,1566,62,0,1,1013,0,40,0,15,507,5,1,67,0,5,0,1264,0,18,100,6,64,212,14,50,603,1,43,1147,1,0,292,1,23,392,0,307,88,0,1,2,0,0,13,1976,0,2,0,19,0,0,18,0,1,88,5,238,54,0,3,524,414,274,295,2,46,72,7,1,0,6,60,9,317,3,877,45,347,4,211,897,3,1944,368,729,6,511,97,1,3,0,29,290,1279,0,0,0,1,0,739,80,1552,311,40,52,247,0,0,1778,6,40,6,92,15,50,40
1893,0,1651,4482,168,138,2,17,0,8,63,440,0,6,3,341,493,19,833,48,3496,16,493,29,61,1677,716,65,1526,0,66,1715,310,0,10059,1320,64,1675,117,6,31,961,19,18,211,65,6336,924,1604,0,2329,7446,46,198,266,0,24,25,2,35,12,67,3,0,1251,1,87,146,66,7,10,211,5388,194,0,2,3629,0,163,6,42,1880,47,7,311,2,12,0,4544,5,95,429,30,292,992,42,270,1982,15,121,2853,6,5,1195,5,84,1241,0,1152,303,0,4,6,0,1,50,7809,0,2,2,67,1,0,75,8,1,418,32,523,349,1,16,1341,2057,1725,1197,21,207,264,61,2,1,46,222,58,1270,8,818,135,1323,4,1278,3170,5,7573,1565,1609,55,1888,583,13,20,5,98,1253,4449,1,0,2,20,0,3050,231,5863,1371,140,262,904,0,0,6403,35,91,20,454,70,173,236
71,0,319,49,3,80,1,3,0,2,177,15,0,4,0,31,7,3,27,46,59,24,16,7,0,212,41,1,10,66,0,25,19,0,167,53,9,20,2,2,5,39,4,8,22,5,108,63,89,0,46,248,1,4,105,0,8,21,16,3,19,27,4,0,52,1,13,33,1,0,1,635,71,3,0,0,112,0,2,0,11,81,2,0,18,0,1,0,86,1,4,27,3,44,5,0,25,54,0,3,31,0,1,160,2,3,24,0,95,17,0,1,3,0,0,1,218,0,0,0,4,0,0,4,0,0,20,2,8,3,0,3,22,203,33,54,1,83,16,19,0,3,2,608,7,190,0,9,6,57,0,42,48,1,171,43,25,5,152,42,2,115,6,9,76,90,0,0,0,4,1,99,8,185,115,281,31,42,0,0,141,0,2,0,158,33,227,137
639,0,822,811,33,88,1,8,0,5,34,531,0,3,0,216,870,30,568,42,531,10,245,35,24,1108,676,31,465,1715,25,0,103,0,6671,1116,22,1078,17,1,33,643,30,24,84,30,4869,392,856,0,2057,4379,73,125,174,0,7,11,2,35,4,56,0,0,719,12,45,79,166,4,4,98,4567,184,0,3,1443,0,59,14,9,990,6,3,149,0,1,0,1535,6,28,213,18,193,360,31,149,995,70,22,1841,8,1,452,8,145,2976,1,509,160,0,12,1,0,1,16,6798,0,24,0,28,0,0,21,40,3,160,57,517,78,1,4,594,1249,752,691,3,110,86,59,2,0,49,88,18,739,3,538,120,911,1,327,2769,8,4958,802,907,79,606,216,9,5,2,64,721,3169,0,0,0,31,0,2449,46,2936,1145,52,139,284,0,0,4999,21,33,6,201,33,86,143
130,0,138,166,12,19,1,1,0,38,12,51,0,1,0,33,47,3,76,5,143,6,57,14,5,168,68,5,45,310,19,103,0,0,646,191,4,75,9,1,5,79,3,3,16,13,355,72,195,0,134,464,5,11,28,0,1,5,0,4,1,7,1,0,121,0,31,123,3,0,0,23,212,12,0,2,247,0,20,1,1,150,13,0,26,0,1,0,255,1,190,38,2,32,34,5,39,169,1,9,129,3,5,112,2,8,51,0,84,20,0,0,0,0,3,4,471,0,0,1,6,0,0,14,1,3,1646,1,29,23,1,77,76,197,202,110,5,27,59,16,1,0,2,29,17,86,1,51,8,115,2,98,245,0,447,93,90,2,154,2309,23,3,1,15,112,261,0,0,0,4,0,186,19,430,153,19,23,57,0,0,363,1,7,1,51,4,17,70
0,0,0,0,0,0,0,0,0,0,0,0,0,0,0,0,0,0,0,0,0,0,0,0,0,0,0,0,0,0,0,0,0,0,0,0,0,0,0,0,0,0,0,0,0,0,0,0,0,0,0,0,0,0,0,0,0,0,0,0,0,0,0,0,0,0,0,0,0,0,0,0,0,0,0,0,0,0,0,0,0,0,0,0,0,0,0,0,0,0,0,0,0,0,0,0,0,0,0,0,0,0,0,0,0,0,0,0,0,0,0,0,0,0,0,0,0,0,0,0,0,0,0,0,0,0,0,0,0,0,0,0,0,0,0,0,0,0,0,0,0,0,0,0,0,0,0,0,0,0,0,0,0,0,0,0,0,0,0,0,0,0,0,0,0,0,0,0,0,0,0,0,0,0,0,0,0,0,0,0,0,0,0,0,0,0,0,0
7006,0,6895,9741,417,580,8,47,0,25,220,1804,0,7,7,1836,1239,110,3100,198,3753,69,2344,192,264,6852,3180,127,2862,10059,167,6671,646,0,0,7552,196,3439,293,8,131,3382,103,200,732,150,51495,4519,7708,0,11381,42573,81,412,970,0,88,104,20,173,26,246,11,0,6308,12,317,525,195,16,9,746,22376,742,0,4,16271,0,487,29,167,6869,67,21,1751,3,40,0,17778,50,225,1793,147,1350,1352,167,1052,7678,58,396,8259,28,10,4049,36,215,4605,0,5286,1227,1,10,24,0,2,153,44940,0,17,4,218,3,0,247,76,9,868,414,1200,367,9,36,2399,8880,4557,5033,36,774,905,377,4,1,242,654,145,4926,11,1825,486,7368,11,3651,9928,29,43923,7763,3821,403,7401,1163,25,64,15,685,6148,25639,3,0,1,72,0,18119,878,28838,8791,421,1008,3135,1,0,56131,152,440,70,1675,321,530,929
1439,0,1358,1286,109,192,2,17,0,8,86,1648,0,3,2,800,265,52,1350,69,805,99,366,117,36,1874,1614,30,312,1320,53,1116,191,0,7552,0,47,554,64,0,81,1606,37,132,225,39,4136,2512,1650,0,1757,7744,31,66,298,0,16,42,11,58,8,111,1,0,970,6,54,113,32,5,1,196,2432,330,0,1,2121,0,81,4,41,2298,14,7,528,0,6,0,3072,43,53,842,70,564,209,91,495,1576,13,42,876,29,4,810,47,39,728,0,2188,256,1,2,11,0,0,42,6143,0,5,0,113,2,0,49,10,1,192,65,166,69,0,13,408,2998,824,2176,4,231,127,264,1,4,115,184,31,1185,3,262,126,1351,2,568,1337,7,5828,1125,868,161,1849,296,5,19,6,295,2466,2554,3,1,1,76,0,2782,103,4301,2272,81,189,1751,0,0,5029,93,45,11,345,75,152,578
63,0,598,64,9,71,3,14,0,0,11,12,0,0,1,7,12,0,40,10,31,0,10,2,1,835,38,1,24,64,9,22,4,0,196,47,0,22,7,0,0,51,1,0,87,14,112,31,74,0,33,187,0,5,50,0,11,24,7,72,2,41,0,0,41,0,3,5,1,1,0,29,54,13,0,0,176,0,13,0,16,152,0,1,18,1,2,0,96,0,2,34,3,12,9,7,17,49,0,7,41,0,0,321,0,1,12,0,50,31,0,0,1,0,0,30,232,0,0,0,13,0,0,1,0,0,9,2,8,3,0,0,15,124,10,59,0,283,11,17,0,0,1,79,1,524,0,8,2,33,0,22,49,14,187,31,20,1,80,12,1,6,0,1,29,162,0,0,0,1,0,138,31,269,54,59,5,37,0,0,119,3,8,0,140,25,175,23
568,0,568,1186,103,54,0,13,0,2,17,254,0,0,1,156,370,21,323,18,425,14,187,25,24,644,308,43,373,1675,20,1078,75,0,3439,554,22,0,33,1,22,382,15,5,86,20,2521,296,635,0,877,2588,59,262,92,0,12,11,3,19,5,26,1,0,478,3,41,53,55,3,0,86,2344,78,0,0,1127,0,51,8,11,662,7,5,161,1,2,0,1523,8,33,148,20,129,291,18,87,814,9,29,1409,2,4,338,3,40,704,0,430,104,1,3,2,0,0,18,2974,0,1,0,23,2,0,17,13,0,108,16,926,119,1,3,1230,872,413,369,5,77,75,24,1,0,33,72,12,477,10,1563,123,518,3,261,1663,8,2524,509,1342,42,561,161,2,9,1,32,480,1630,0,0,0,13,0,1135,60,1910,668,37,77,328,1,0,2405,19,32,7,136,29,61,112
39,0,53,110,9,8,1,0,0,1,8,7,0,0,0,17,17,11,22,3,31,2,10,5,3,69,21,3,33,117,2,17,9,0,293,64,7,33,0,1,0,21,6,14,30,0,165,26,67,0,76,158,1,14,16,0,0,2,1,3,0,1,1,0,39,2,2,2,2,0,0,11,89,8,0,0,126,0,23,0,3,53,1,0,20,0,0,0,146,0,8,23,1,23,33,2,8,53,0,7,39,0,0,43,1,2,20,0,40,8,0,0,0,0,0,1,166,0,0,0,4,1,0,2,0,3,12,3,11,32,0,0,41,90,44,29,0,7,5,7,0,0,39,6,0,50,0,25,37,53,1,24,67,2,179,30,45,59,65,16,1,0,1,22,56,102,0,0,0,1,0,67,8,172,88,4,9,51,0,0,161,2,2,0,16,4,14,13
3,0,4,5,0,1,0,0,0,0,1,0,0,0,0,0,0,0,2,0,2,0,1,0,0,3,2,1,0,6,2,1,1,0,8,0,0,1,1,0,1,2,0,0,2,0,5,0,2,0,3,7,0,1,1,0,0,0,0,0,0,0,0,0,0,0,1,0,1,1,0,3,5,1,0,0,1,0,3,0,1,3,0,0,0,0,0,0,3,0,1,0,0,1,0,1,2,1,0,0,1,0,0,2,0,0,2,0,5,0,0,0,0,0,0,0,7,0,0,3,0,0,0,0,1,1,3,0,1,0,1,0,1,3,5,3,0,0,1,0,0,0,0,0,0,4,0,1,0,1,0,2,1,0,6,1,2,0,5,1,0,0,0,0,3,1,0,0,0,1,0,5,1,8,1,0,1,2,0,0,7,0,1,0,1,0,0,0
43,0,30,28,0,7,0,0,0,0,8,193,0,0,0,21,28,0,145,10,24,2,8,0,2,46,24,10,3,31,5,33,5,0,131,81,0,22,0,1,0,179,0,0,0,2,98,63,65,0,46,176,3,1,12,0,0,1,0,5,0,0,1,0,43,0,4,1,0,0,0,10,62,0,0,0,29,0,5,2,3,179,0,0,17,0,0,0,57,4,0,25,0,2,2,21,16,64,3,0,18,12,0,13,0,7,19,0,44,0,0,0,3,0,0,3,78,0,0,0,6,0,0,1,5,0,4,0,11,1,0,0,22,55,35,98,0,6,5,0,1,0,0,9,0,22,0,9,0,39,0,27,36,0,112,24,19,0,73,6,0,0,0,4,69,19,0,0,0,2,0,42,0,127,69,8,8,23,0,0,91,0,3,0,9,0,3,25
1324,0,988,846,101,126,0,13,0,14,41,1509,0,0,14,315,238,14,3211,44,512,51,236,43,21,1323,3455,20,231,961,39,643,79,0,3382,1606,51,382,21,2,179,0,14,22,110,21,2438,873,968,0,946,4474,18,44,170,0,21,23,5,40,6,63,1,0,521,1,41,74,12,0,4,129,1618,194,0,0,1380,0,95,4,31,5782,12,5,220,0,6,0,1708,15,27,333,31,220,143,185,313,1015,5,35,551,10,4,586,85,23,456,0,1162,220,0,3,6,0,0,33,3297,0,4,0,225,0,0,19,9,0,114,33,129,43,0,12,253,1213,693,3240,2,138,110,154,2,2,41,128,21,920,2,207,56,606,0,354,709,8,3003,580,384,59,1737,155,2,14,4,99,1132,1390,1,0,0,161,0,1374,70,2505,969,62,104,498,0,0,2737,49,40,5,243,46,109,301
9,0,25,19,0,4,0,1,0,0,1,14,0,1,0,12,8,1,5,1,5,2,10,8,1,51,16,0,7,19,4,30,3,0,103,37,1,15,6,0,0,14,0,40,26,2,69,17,35,0,38,62,2,1,14,0,1,3,2,1,0,1,1,0,18,1,1,1,0,1,0,3,35,1,0,0,34,0,4,0,0,23,1,0,8,0,0,0,40,1,3,21,1,18,4,0,3,15,0,1,4,0,1,7,1,7,15,0,28,1,0,0,0,0,0,0,37,0,1,0,0,0,0,1,0,0,4,2,8,2,0,0,6,39,19,21,0,6,2,5,0,0,10,6,1,25,0,4,10,25,0,7,28,0,85,14,15,7,23,9,0,3,0,13,36,19,0,0,0,2,0,43,0,96,65,1,9,22,0,0,46,0,0,1,13,0,5,16
9,0,74,11,0,18,0,0,0,0,6,17,0,2,0,62,13,7,7,9,12,18,25,19,0,126,22,3,3,18,8,24,3,0,200,132,0,5,14,0,0,22,40,0,9,1,103,76,149,0,29,162,2,0,29,0,0,4,0,0,0,8,1,0,62,1,7,9,2,0,0,14,50,0,0,0,178,0,2,0,0,42,1,0,107,0,0,0,84,6,2,76,6,74,1,0,7,23,0,0,7,0,0,19,3,3,11,0,90,0,0,0,1,0,0,0,49,0,1,0,0,0,0,2,2,0,2,18,2,0,0,0,9,157,23,55,0,21,5,10,0,0,16,12,3,87,0,0,10,129,0,15,14,0,308,37,27,11,54,7,0,1,1,149,98,16,0,0,0,4,0,152,0,273,350,2,13,52,0,0,114,1,2,1,19,3,10,26
160,0,459,235,34,43,0,18,0,1,31,43,0,2,1,37,28,5,107,17,81,5,58,10,10,612,127,1,52,211,22,84,16,0,732,225,87,86,30,2,0,110,26,9,0,11,452,122,191,0,165,574,2,18,76,0,11,13,3,33,2,30,1,0,124,1,9,16,7,1,0,71,221,20,0,0,386,0,49,0,27,260,1,3,54,0,2,0,360,0,7,130,8,125,42,19,49,162,0,22,113,0,0,322,2,7,57,0,169,49,0,3,5,0,0,8,674,0,0,0,26,0,0,9,0,2,29,10,21,20,0,3,60,581,86,138,0,95,20,59,1,0,6,85,2,444,0,32,24,183,0,94,152,4,594,99,207,16,238,53,0,9,0,17,181,436,0,0,0,3,0,428,126,557,183,65,43,241,0,0,435,4,20,1,114,12,136,214
25,0,51,36,0,55,0,7,0,3,3,15,0,1,0,9,12,1,20,12,31,2,21,3,0,68,20,2,9,65,5,30,13,0,150,39,14,20,0,0,2,21,2,1,11,0,80,19,64,0,31,142,2,3,40,0,2,5,2,9,3,13,1,0,41,0,8,14,2,0,0,17,62,4,0,0,110,0,2,0,3,58,1,0,12,0,0,0,78,0,15,17,0,17,17,1,4,33,1,2,19,0,0,103,1,4,15,0,30,7,0,0,2,0,0,7,189,0,0,0,2,0,0,1,0,1,17,2,13,6,0,8,15,120,41,40,0,92,8,4,0,1,2,27,1,92,0,11,2,38,1,25,62,1,187,28,30,2,37,68,3,0,0,3,40,100,0,0,0,3,0,88,11,162,74,8,5,13,0,0,118,0,4,1,85,20,24,16
4975,0,4741,7160,230,401,6,44,0,15,126,1346,0,6,4,1208,795,58,1990,123,2447,41,1438,120,172,4589,2097,79,1748,6336,108,4869,355,0,51495,4136,112,2521,165,5,98,2438,69,103,452,80,0,1559,5348,0,12796,34211,72,305,634,0,49,56,10,109,23,161,6,0,4080,6,232,346,128,7,4,476,19400,486,0,4,11021,0,315,16,87,4587,48,18,998,1,21,0,12711,21,114,1074,86,872,921,103,581,4653,28,244,5882,20,7,2803,22,130,3008,0,3400,810,1,10,15,0,3,118,33135,0,19,0,118,2,0,128,41,7,506,216,882,243,6,17,1451,5993,3596,2902,19,522,544,208,2,1,132,427,90,3496,6,1323,292,4720,7,2243,8004,25,30297,5060,2500,232,4603,701,10,45,12,330,4212,17670,1,0,0,52,0,13287,586,19416,5519,251,600,1816,0,0,45078,97,252,42,1144,190,286,510
1549,0,1114,1188,113,151,4,2,0,7,87,526,0,1,4,529,136,12,860,51,629,65,290,51,35,1101,750,19,250,924,63,392,72,0,4519,2512,31,296,26,0,63,873,17,76,122,19,1559,0,1024,0,510,7586,11,31,168,0,19,23,6,53,6,64,3,0,674,0,41,70,9,3,0,239,1243,201,0,1,1906,0,58,3,41,1510,4,2,335,0,4,0,2142,32,27,567,45,317,97,66,402,999,5,83,541,15,1,733,32,30,272,0,2142,163,0,3,2,0,0,35,3974,0,1,0,79,2,0,47,7,0,100,34,89,46,0,12,265,1808,282,1753,3,164,94,178,0,2,54,234,25,812,1,150,62,901,2,541,676,4,4054,893,438,57,2830,150,4,25,5,170,1608,1654,0,0,1,50,0,1803,115,3456,1259,153,108,798,0,0,3577,83,54,12,279,60,147,461
1353,0,3016,1528,62,350,8,34,0,9,98,616,0,10,3,585,426,50,634,111,953,59,1145,124,134,3486,755,67,403,1604,89,856,195,0,7708,1650,74,635,67,2,65,968,35,149,191,64,5348,1024,0,0,1660,7773,30,86,493,0,29,57,12,146,13,119,5,0,3000,6,159,292,26,8,7,276,2927,141,0,0,2132,0,74,11,54,2168,29,14,1385,1,14,0,4096,34,55,1140,91,678,226,36,241,1208,11,160,1143,24,4,2026,18,64,611,0,1268,426,3,5,12,0,2,57,12403,0,5,1,46,6,0,159,27,1,247,85,222,75,0,10,497,3708,874,1219,17,462,423,162,3,5,109,269,77,2292,3,294,89,2987,6,1306,1775,28,8801,2046,752,134,1901,352,12,49,5,463,1686,4378,0,0,1,35,0,4272,292,10618,4968,161,402,815,0,0,6130,38,137,42,710,153,198,432
0,0,0,0,0,0,0,0,0,0,0,0,0,0,0,0,0,0,0,0,0,0,0,0,0,0,0,0,0,0,0,0,0,0,0,0,0,0,0,0,0,0,0,0,0,0,0,0,0,0,0,0,0,0,0,0,0,0,0,0,0,0,0,0,0,0,0,1,0,0,0,0,0,0,0,0,0,0,0,0,0,0,0,0,0,0,0,0,1,0,0,0,0,0,0,0,0,0,0,0,0,0,0,0,0,0,0,0,0,0,0,0,0,0,0,0,0,0,0,0,0,0,0,0,0,0,0,0,0,0,0,0,0,0,0,0,0,0,0,0,0,0,0,0,0,0,0,0,0,0,0,0,0,0,0,0,0,0,0,0,0,0,0,0,0,0,0,0,0,0,0,0,0,0,0,0,0,0,0,0,0,0,0,0,0,0,0,0
1131,0,1056,1904,73,90,1,15,0,8,64,788,0,3,1,436,397,17,636,39,1021,20,413,52,39,1424,849,38,430,2329,46,2057,134,0,11381,1757,33,877,76,3,46,946,38,29,165,31,12796,510,1660,0,0,8675,47,119,251,0,15,16,2,36,7,87,3,0,1175,5,82,166,79,2,0,140,5772,165,0,3,2108,0,207,5,25,1498,23,4,273,0,12,0,2940,7,45,351,31,365,406,42,345,1403,12,48,1699,8,6,648,12,49,1129,0,963,213,0,2,5,0,1,22,8837,0,8,1,52,0,0,42,17,3,175,70,331,95,2,9,534,1663,2524,846,10,163,150,153,7,0,50,122,39,989,4,470,111,1409,1,650,2455,7,7097,1356,758,94,1113,266,5,17,3,97,1435,3517,1,0,3,27,0,3254,124,4440,2001,62,238,506,0,0,10351,22,54,26,303,34,106,232
10887,0,8046,7652,395,742,9,39,0,17,299,2140,0,10,8,3428,867,95,3717,246,3877,149,2000,245,237,7605,3896,74,1952,7446,248,4379,464,0,42573,7744,187,2588,158,7,176,4474,62,162,574,142,34211,7586,7773,0,8675,0,56,293,1089,0,79,94,26,239,25,304,9,0,5714,4,290,517,116,12,21,1012,15707,833,0,2,15529,0,342,17,193,8437,58,28,1985,0,43,0,18057,60,146,2309,191,1605,1070,214,1321,6341,28,398,6109,43,10,4937,73,141,3054,0,8360,1467,0,7,30,0,1,227,43766,0,17,1,263,14,0,229,35,3,699,252,869,275,2,31,1636,11569,3400,7973,34,954,824,477,4,7,245,887,129,6121,12,1307,348,6642,5,3766,8618,31,38525,7071,2933,310,10825,971,20,111,19,713,10319,21828,2,0,9,119,0,17416,797,28598,8347,529,878,3367,0,0,39995,210,370,73,1962,394,630,1351
11,0,11,18,0,3,0,1,0,0,0,25,0,0,0,13,46,4,6,2,13,2,6,3,0,22,10,4,7,46,1,73,5,0,81,31,0,59,1,0,3,18,2,2,2,2,72,11,30,0,47,56,0,8,7,0,0,0,0,2,0,1,0,0,16,2,3,4,6,1,0,3,81,0,0,0,10,0,0,1,0,17,2,0,6,0,0,0,39,1,1,4,1,6,12,0,2,25,4,0,49,0,0,1,1,9,39,0,7,1,0,0,0,0,0,0,66,0,0,0,0,1,0,0,8,0,3,3,43,4,0,0,30,29,28,10,0,5,0,1,0,0,4,2,0,9,0,31,14,15,0,2,76,0,56,17,33,6,9,6,1,1,0,0,17,9,1,0,0,1,0,19,0,47,53,1,2,12,0,0,66,0,0,0,1,0,2,8
66,0,61,106,9,17,0,4,0,0,5,15,0,0,0,20,59,2,29,2,43,0,31,3,9,70,26,5,69,198,4,125,11,0,412,66,5,262,14,1,1,44,1,0,18,3,305,31,86,0,119,293,8,0,13,0,2,0,0,0,0,6,0,0,55,3,4,10,16,0,0,12,331,15,0,0,123,0,10,4,2,92,1,0,25,0,2,0,231,0,3,28,0,15,55,1,10,85,3,8,285,0,1,47,1,8,131,0,50,13,0,1,0,0,0,1,362,0,0,0,2,0,0,1,4,0,17,0,146,19,0,0,126,93,42,38,0,12,19,3,1,0,3,9,5,52,0,139,21,52,1,49,274,1,276,82,96,6,74,32,3,2,0,7,53,136,0,0,0,0,0,109,8,251,42,6,10,31,0,0,311,0,3,2,20,3,14,16
195,0,2784,186,6,881,17,28,0,1,109,99,0,11,0,96,48,11,100,209,171,17,93,27,12,2454,141,8,45,266,105,174,28,0,970,298,50,92,16,1,12,170,14,29,76,40,634,168,493,0,251,1089,7,13,0,0,24,102,26,45,30,207,13,0,270,0,17,46,8,7,3,338,387,17,0,0,613,0,27,4,24,345,1,12,156,2,8,0,458,4,6,288,32,231,57,2,59,175,1,20,159,6,0,680,4,9,109,0,308,88,1,1,17,0,0,82,1739,0,0,0,11,8,0,8,6,0,40,24,35,38,0,1,64,1088,116,207,3,588,35,58,1,6,19,511,4,2548,1,34,24,382,0,126,298,9,1293,248,106,20,359,73,0,62,18,67,276,645,0,0,0,7,0,766,19,1098,670,282,57,232,0,0,853,14,22,4,1031,175,292,184
0,0,0,0,0,0,0,0,0,0,0,0,0,0,0,0,0,0,0,0,0,0,0,0,0,0,0,0,0,0,0,0,0,0,0,0,0,0,0,0,0,0,0,0,0,0,0,0,0,0,0,0,0,0,0,0,0,0,0,0,0,0,0,0,0,0,0,0,0,0,0,0,0,0,0,0,0,0,0,0,0,0,0,0,0,0,0,0,0,0,0,0,0,0,0,0,0,0,0,0,0,0,0,0,0,0,0,0,0,0,0,0,0,0,0,0,0,0,0,0,0,0,0,0,0,0,0,0,0,0,0,0,0,0,0,0,0,0,0,0,0,0,0,0,0,0,0,0,0,0,0,0,0,0,0,0,0,0,0,0,0,0,0,0,0,0,0,0,0,0,0,0,0,0,0,0,0,0,0,0,0,0,0,0,0,0,0,0
25,0,178,32,23,60,1,14,0,0,7,2,0,3,0,2,1,0,22,14,11,0,8,0,3,160,8,0,15,24,8,7,1,0,88,16,11,12,0,0,0,21,1,0,11,2,49,19,29,0,15,79,0,2,24,0,0,34,13,2,4,6,2,0,17,0,1,6,2,1,2,35,33,8,0,0,58,0,8,0,6,42,0,2,6,0,0,0,41,0,0,21,2,14,7,1,18,24,0,4,11,0,0,95,0,0,8,0,35,14,0,0,3,0,0,14,153,0,0,0,7,0,0,0,0,0,5,2,2,4,0,0,9,55,5,18,0,57,5,1,0,0,0,41,2,130,0,0,0,20,0,13,20,1,65,23,5,0,52,7,0,4,0,4,20,59,0,0,0,0,0,39,6,77,14,35,4,16,0,0,64,0,3,1,98,11,31,11
37,0,511,23,1,453,10,24,0,1,18,6,0,7,0,9,7,2,16,113,26,0,18,1,1,556,22,2,6,25,21,11,5,0,104,42,24,11,2,0,1,23,3,4,13,5,56,23,57,0,16,94,0,0,102,0,34,0,21,20,29,82,14,0,25,1,7,12,1,4,3,75,26,4,0,0,61,0,6,0,8,79,0,6,17,0,1,0,58,2,2,19,2,23,7,0,7,28,0,0,11,0,0,191,0,1,9,0,44,11,0,1,4,0,0,38,118,0,0,0,4,3,0,0,1,0,4,1,3,3,0,0,6,126,11,33,1,305,6,6,0,9,1,119,4,432,0,6,3,37,0,14,31,4,109,25,13,3,47,11,0,14,3,4,26,45,0,0,0,0,0,47,2,128,48,64,7,16,0,0,67,1,1,1,337,74,64,35
7,0,82,5,1,47,7,11,0,2,4,1,0,5,0,0,0,0,8,23,8,1,5,0,1,84,4,0,0,2,16,2,0,0,20,11,7,3,1,0,0,5,2,0,3,2,10,6,12,0,2,26,0,0,26,0,13,21,0,0,139,13,9,0,5,0,1,6,0,2,2,24,7,1,0,0,11,0,1,0,0,12,3,1,2,0,0,0,11,0,1,2,0,5,1,0,1,4,0,1,0,0,0,24,1,0,2,0,7,2,0,0,4,0,0,3,25,0,0,0,0,3,0,2,0,0,4,1,1,0,0,1,1,23,3,9,1,61,1,1,0,4,3,48,0,61,0,2,0,11,0,5,4,0,20,15,6,1,13,2,0,12,2,0,4,11,0,0,0,1,0,19,2,26,9,15,5,3,0,0,14,1,1,0,59,9,18,1
46,0,416,36,2,47,0,9,0,0,10,20,0,1,3,29,23,0,44,15,20,3,27,0,3,483,28,1,8,35,3,35,4,0,173,58,72,19,3,0,5,40,1,0,33,9,109,53,146,0,36,239,2,0,45,0,2,20,0,0,1,14,1,0,74,0,1,2,0,0,0,19,59,11,0,1,180,0,13,4,21,114,0,0,47,1,0,0,85,4,1,91,5,15,12,6,11,42,0,11,26,6,0,225,0,4,19,0,43,37,0,0,1,0,0,10,212,0,0,0,6,0,0,6,13,1,6,1,12,2,0,0,18,332,16,39,1,85,6,10,0,0,0,34,1,381,0,7,0,70,0,46,53,5,256,53,27,0,107,8,0,4,1,9,70,132,0,0,0,1,0,164,26,369,120,25,16,44,0,0,126,4,10,0,91,20,44,70
9,0,95,4,1,45,11,12,0,1,7,0,0,2,0,1,0,0,7,29,2,0,4,0,0,89,3,0,3,12,19,4,1,0,26,8,2,5,0,0,0,6,0,0,2,3,23,6,13,0,7,25,0,0,30,0,4,29,139,1,0,12,29,0,8,0,1,9,0,2,3,35,12,0,0,0,21,0,3,0,0,19,1,0,5,0,0,0,15,0,1,5,0,8,2,0,2,5,0,2,7,0,1,30,1,0,6,0,4,1,1,0,6,0,0,5,25,0,0,0,1,1,0,2,0,0,5,0,3,0,0,0,4,23,4,6,0,56,6,0,0,11,2,70,0,82,0,2,1,10,0,9,9,0,24,12,5,0,11,11,1,15,0,1,8,12,0,0,0,1,0,15,1,29,7,42,5,4,0,0,21,1,1,1,68,7,29,11
75,0,912,50,4,346,13,10,0,0,33,34,0,8,0,27,16,3,28,90,65,11,22,15,1,954,58,0,9,67,27,56,7,0,246,111,41,26,1,0,0,63,1,8,30,13,161,64,119,0,87,304,1,6,207,0,6,82,13,14,12,0,5,0,65,0,9,13,1,4,1,115,96,11,0,1,165,0,9,0,3,130,0,2,55,0,0,0,120,3,4,82,19,65,12,2,15,58,0,7,45,0,0,247,4,2,37,0,96,28,0,0,9,0,0,24,449,0,0,0,5,0,0,1,0,0,11,10,9,4,0,1,18,277,33,59,0,280,14,49,0,5,11,171,2,908,0,12,7,77,0,32,79,3,327,63,27,5,123,20,1,22,6,15,83,144,0,0,0,3,0,211,8,299,140,71,21,42,0,0,231,7,1,0,289,78,101,61
3,0,42,6,1,27,8,3,0,1,2,0,0,1,0,0,1,0,1,9,3,1,2,1,0,24,0,2,2,3,4,0,1,0,11,1,0,1,1,0,1,1,1,1,1,1,6,3,5,0,3,9,0,0,13,0,2,14,9,1,29,5,0,0,1,0,0,4,0,1,0,5,6,0,0,0,6,0,4,1,0,6,0,0,3,0,0,0,7,0,1,2,0,3,0,0,0,0,0,1,1,0,0,15,0,0,1,0,0,1,0,0,0,0,0,4,6,0,0,0,0,1,0,1,0,0,0,0,0,0,0,0,1,12,3,3,0,16,1,1,0,2,2,8,0,19,0,0,2,5,0,4,3,1,9,2,1,2,8,3,0,2,1,0,3,3,0,0,0,0,0,7,0,9,9,6,1,6,0,0,15,0,0,0,16,3,3,1
0,0,0,0,0,0,0,0,0,0,0,0,0,0,0,0,0,0,0,0,0,0,0,0,0,0,0,0,0,0,0,0,0,0,0,0,0,0,0,0,0,0,0,0,0,0,0,0,0,0,0,0,0,0,0,0,0,0,0,0,0,0,0,0,0,0,0,0,0,0,0,0,0,0,0,0,0,0,0,0,0,0,0,0,0,0,0,0,0,0,0,0,0,0,0,0,0,0,0,0,0,0,0,0,0,0,0,0,0,0,0,0,0,0,0,0,0,0,0,0,0,0,0,0,0,0,0,0,0,0,0,0,0,0,0,0,0,0,0,0,0,0,0,0,0,0,0,0,0,0,0,0,0,0,0,0,0,0,0,0,0,0,0,0,0,0,0,0,0,0,0,0,0,0,0,0,0,0,0,0,0,0,0,0,0,0,0,0
1018,0,1810,1134,64,180,7,12,0,9,61,329,0,5,0,352,203,16,498,51,637,16,362,83,54,1789,496,27,374,1251,52,719,121,0,6308,970,41,478,39,0,43,521,18,62,124,41,4080,674,3000,0,1175,5714,16,55,270,0,17,25,5,74,8,65,1,0,0,1,118,248,27,3,4,186,2120,105,0,0,4612,0,53,8,30,1213,11,9,495,1,15,0,2508,11,40,506,52,346,196,16,176,786,13,76,910,17,5,1071,14,48,535,0,818,249,2,0,8,0,0,29,12655,0,0,0,30,1,0,72,18,2,146,71,154,62,4,4,344,2436,471,798,6,223,214,62,1,0,39,142,53,1241,1,230,64,1246,3,820,1382,6,7208,2098,576,61,1193,264,2,13,3,226,1056,1401,1,0,5,12,0,3825,184,8347,1095,59,319,610,0,0,4776,23,94,32,456,87,115,225
1,0,1,0,0,0,0,0,0,0,0,3,0,0,0,3,4,2,1,0,2,0,0,0,0,2,1,2,0,1,1,12,0,0,12,6,0,3,2,0,0,1,1,1,1,0,6,0,6,0,5,4,2,3,0,0,0,1,0,0,0,0,0,0,1,0,1,0,2,0,0,1,8,0,0,0,0,0,1,0,0,3,0,0,0,0,0,0,4,0,0,1,0,1,0,0,0,1,6,0,3,0,0,1,0,0,4,0,0,0,0,0,0,0,0,0,2,0,7,0,0,0,0,0,0,0,1,0,2,1,0,0,2,2,3,1,0,2,0,0,0,0,1,0,0,1,0,0,2,1,0,0,3,0,9,1,2,2,0,0,0,0,0,1,3,0,0,0,0,0,0,5,0,4,6,0,1,0,0,0,6,0,0,0,0,0,0,1
67,0,107,92,4,18,0,0,0,5,8,23,0,0,1,22,10,0,30,8,48,2,45,3,6,88,26,3,21,87,13,45,31,0,317,54,3,41,2,1,4,41,1,7,9,8,232,41,159,0,82,290,3,4,17,0,1,7,1,1,1,9,0,0,118,1,0,50,2,3,0,24,111,7,0,0,207,0,8,0,0,103,7,4,32,0,0,0,138,2,7,21,4,28,20,1,12,56,0,11,58,0,1,75,0,2,23,0,46,6,0,0,0,0,0,4,525,0,0,0,2,1,0,14,0,0,36,1,14,2,0,6,24,112,61,40,3,21,36,4,0,0,1,18,9,48,0,22,0,75,0,74,95,1,258,100,45,2,95,64,3,9,0,20,60,99,0,0,0,3,0,111,7,311,90,14,27,37,0,0,234,0,1,2,49,9,12,38
94,0,281,101,8,46,1,5,0,25,19,45,0,2,0,31,17,4,59,17,97,7,80,16,16,227,54,1,29,146,33,79,123,0,525,113,5,53,2,0,1,74,1,9,16,14,346,70,292,1,166,517,4,10,46,0,6,12,6,2,9,13,4,0,248,0,50,0,1,0,2,60,181,6,0,0,286,0,17,0,6,161,9,1,58,0,4,0,221,1,31,48,4,62,29,6,38,108,2,17,89,2,2,153,0,9,44,0,94,16,0,0,3,0,0,5,944,0,0,0,6,1,0,33,3,0,108,1,23,6,3,41,57,265,152,85,8,52,85,14,1,2,6,84,19,154,0,35,12,171,0,117,131,1,511,142,76,6,145,170,15,23,1,46,120,215,0,0,0,4,0,214,14,509,236,52,46,60,0,0,439,1,4,0,124,21,23,159
18,0,35,33,1,5,0,2,0,0,1,11,0,0,0,9,19,0,12,1,14,1,8,1,0,44,24,2,21,66,1,166,3,0,195,32,1,55,2,1,0,12,0,2,7,2,128,9,26,0,79,116,6,16,8,0,2,1,0,0,0,1,0,0,27,2,2,1,0,0,0,9,130,7,0,0,48,0,15,0,4,37,0,1,8,0,0,0,62,0,1,6,2,7,39,1,7,25,8,0,69,3,0,14,0,5,152,0,21,4,0,0,0,0,0,2,278,0,2,0,2,0,0,0,3,0,4,4,29,5,0,1,35,42,26,17,0,10,6,2,0,0,0,5,1,42,0,25,42,34,0,10,105,0,165,21,44,0,19,10,1,1,0,2,34,105,0,0,0,0,0,72,0,92,19,4,6,12,0,0,147,2,1,0,13,3,8,8
2,0,25,4,1,7,1,3,0,0,0,1,0,1,0,2,1,0,3,5,3,0,1,0,0,61,1,0,3,7,0,4,0,0,16,5,1,3,0,1,0,0,1,0,1,0,7,3,8,0,2,12,1,0,7,0,1,4,2,0,2,4,1,0,3,0,3,0,0,0,97,1,6,0,0,0,10,0,0,0,0,10,0,3,0,0,0,0,6,0,0,2,1,3,0,0,0,2,0,1,2,0,0,12,0,0,2,0,1,3,0,0,0,0,0,1,15,0,0,0,0,1,0,0,0,0,0,0,2,0,0,0,0,13,0,0,0,76,5,0,0,1,0,4,0,34,0,2,1,1,0,3,2,0,22,3,1,3,5,0,0,1,0,1,2,11,0,0,0,0,0,7,0,11,9,2,3,0,0,0,12,0,1,0,22,6,2,1
5,0,48,2,1,11,1,5,0,0,0,1,0,1,0,2,2,0,2,5,5,0,1,0,1,52,3,0,1,10,1,4,0,0,9,1,0,0,0,0,0,4,0,0,0,0,4,0,7,0,0,21,0,0,3,0,2,3,2,0,3,1,0,0,4,0,0,2,0,97,0,1,3,0,0,0,7,0,0,0,0,11,0,4,0,1,0,0,6,0,0,5,0,1,2,0,0,3,0,1,1,0,0,8,0,1,0,0,4,2,0,0,1,0,0,2,23,0,0,0,0,4,0,0,0,0,0,0,0,0,0,0,2,11,1,1,0,106,1,1,0,1,0,4,0,43,0,2,0,6,0,4,4,0,19,7,3,0,7,1,0,1,1,0,3,8,0,0,0,0,0,9,0,19,7,3,3,0,0,0,14,0,0,0,31,1,2,1
416,0,1209,168,19,288,2,15,0,1,383,64,0,2,1,81,32,4,112,145,151,85,58,20,9,844,199,1,51,211,635,98,23,0,746,196,29,86,11,3,10,129,3,14,71,17,476,239,276,0,140,1012,3,12,338,0,35,75,24,19,35,115,5,0,186,1,24,60,9,1,1,0,266,14,0,0,416,0,35,0,51,332,5,2,110,0,1,0,378,2,13,162,18,156,31,3,138,186,1,9,114,8,1,581,2,10,81,0,638,72,0,0,8,0,1,28,1055,0,0,0,10,0,0,8,5,0,56,12,28,20,0,5,71,735,86,171,0,217,50,48,1,2,7,2634,9,754,0,39,20,245,0,138,216,4,855,208,101,8,648,69,2,238,15,37,311,462,0,0,0,5,0,495,18,683,270,1862,56,129,0,0,605,8,15,2,641,104,1277,789
2731,0,2590,4322,144,248,1,32,0,15,65,1071,0,2,2,615,845,60,1290,80,1483,39,764,71,93,2644,1407,72,1566,5388,71,4567,212,0,22376,2432,54,2344,89,5,62,1618,35,50,221,62,19400,1243,2927,0,5772,15707,81,331,387,0,33,26,7,59,12,96,6,0,2120,8,111,181,130,6,3,266,0,335,0,2,5609,0,183,16,52,2848,20,11,520,0,8,0,6939,15,90,615,47,460,757,56,328,3085,24,98,4992,13,5,1481,16,127,3005,0,1829,436,1,9,9,0,2,69,16896,0,16,0,70,1,0,83,40,3,334,113,977,205,0,18,1348,3366,2347,1739,10,279,278,120,1,1,97,238,57,1993,9,1147,269,2301,3,1136,6112,11,15064,2471,1931,176,2387,441,13,25,5,186,2210,8863,1,0,4,52,0,6513,237,9606,3034,136,350,940,0,0,18068,61,131,37,625,108,203,277
196,0,156,192,33,20,0,4,0,0,2,49,0,0,0,26,56,0,203,1,64,0,39,1,2,198,137,0,62,194,3,184,12,0,742,330,13,78,8,1,0,194,1,0,20,4,486,201,141,0,165,833,0,15,17,0,8,4,1,11,0,11,0,0,105,0,7,6,7,0,0,14,335,0,0,0,274,0,11,0,12,327,4,1,22,0,0,0,313,0,4,46,6,29,35,14,40,183,0,11,145,0,0,107,0,1,171,0,146,30,0,0,0,0,0,8,766,0,0,0,23,0,0,7,0,0,24,0,27,5,0,1,42,176,93,235,2,24,20,5,0,0,0,10,4,115,0,52,5,99,0,74,203,2,584,117,69,0,199,26,0,0,0,10,149,384,0,0,0,0,0,243,17,461,86,6,19,76,0,0,545,9,4,3,49,9,13,28
0,0,0,0,0,0,0,0,0,0,0,0,0,0,0,0,0,0,0,0,0,0,0,0,0,0,0,0,0,0,0,0,0,0,0,0,0,0,0,0,0,0,0,0,0,0,0,0,0,0,0,0,0,0,0,0,0,0,0,0,0,0,0,0,0,0,0,0,0,0,0,0,0,0,0,0,0,0,0,0,0,0,0,0,0,0,0,0,0,0,0,0,0,0,0,0,0,0,0,0,0,0,0,0,0,0,0,0,0,0,0,0,0,0,0,0,0,0,0,0,0,0,0,0,0,0,0,0,0,0,0,0,0,0,0,0,0,0,0,0,0,0,0,0,0,0,0,0,0,0,0,0,0,0,0,0,0,0,0,0,0,0,0,0,0,0,0,0,0,0,0,0,0,0,0,0,0,0,0,0,0,0,0,0,0,0,0,0
2,0,0,1,0,0,0,0,0,0,0,0,0,0,0,0,0,0,0,0,0,0,0,0,0,0,1,0,1,2,0,3,2,0,4,1,0,0,0,0,0,0,0,0,0,0,4,1,0,0,3,2,0,0,0,0,0,0,0,1,0,1,0,0,0,0,0,0,0,0,0,0,2,0,0,0,1,0,7,0,0,0,0,0,0,0,0,0,2,0,1,1,0,0,1,0,0,0,0,0,2,0,0,1,0,0,1,0,0,0,0,0,0,0,0,0,2,0,0,0,0,0,0,0,0,6,0,0,2,0,2,0,0,0,2,2,0,0,0,0,1,0,0,0,0,0,0,0,0,0,0,1,2,0,4,0,1,0,3,4,0,0,0,0,1,2,0,0,0,0,0,1,0,1,0,0,0,2,0,0,4,0,0,0,0,0,0,0
2959,0,5933,3362,173,465,6,76,0,10,108,516,0,4,7,648,349,55,1234,154,1648,58,1613,119,189,5540,1062,55,1013,3629,112,1443,247,0,16271,2121,176,1127,126,1,29,1380,34,178,386,110,11021,1906,2132,0,2108,15529,10,123,613,0,58,61,11,180,21,165,6,0,4612,0,207,286,48,10,7,416,5609,274,0,1,0,0,130,8,108,3560,18,16,1854,2,14,0,7847,18,90,1425,107,1004,464,55,313,2312,9,299,2295,9,5,3400,22,74,1141,0,2221,926,2,2,15,0,0,136,28392,0,6,0,85,5,0,187,8,5,419,151,417,151,1,12,764,5550,1313,2097,18,622,685,176,4,1,110,431,92,4187,9,591,142,5083,4,1663,3461,24,20099,3256,1259,126,3487,527,13,56,7,573,2345,17439,0,0,1,33,0,10901,658,20235,6496,240,614,1490,0,0,12136,65,442,64,1295,255,314,454
0,0,1,0,0,0,0,0,0,0,0,0,0,0,0,0,0,0,0,0,0,0,0,0,0,0,0,0,0,0,0,0,0,0,0,0,0,0,0,0,0,0,0,0,0,0,0,0,0,0,0,0,0,0,0,0,0,0,0,0,0,0,0,0,0,0,0,0,0,0,0,0,0,0,0,0,0,0,0,0,0,0,0,0,0,0,0,0,0,0,0,0,0,0,0,0,0,0,0,0,0,0,0,0,0,0,0,0,0,0,0,0,0,0,0,0,1,0,0,0,0,0,0,0,0,0,0,0,0,0,0,0,0,1,0,0,0,0,0,0,0,0,0,0,0,0,0,0,0,0,0,0,0,0,0,0,0,0,0,0,0,0,0,0,0,0,0,0,0,0,0,0,0,0,0,0,0,0,0,0,0,0,0,0,0,0,0,0
134,0,120,254,21,13,0,3,0,5,3,17,0,0,1,18,26,0,92,3,58,0,20,1,1,130,79,8,40,163,2,59,20,0,487,81,13,51,23,3,5,95,4,2,49,2,315,58,74,0,207,342,0,10,27,0,8,6,1,13,3,9,4,0,53,1,8,17,15,0,0,35,183,11,0,7,130,0,0,0,22,169,2,2,18,0,2,0,208,2,3,75,4,33,36,10,39,96,2,6,97,3,0,77,1,6,75,0,90,31,0,2,0,0,1,12,317,0,0,2,26,0,0,5,1,23,29,1,20,14,4,7,42,103,138,82,2,23,15,5,1,0,1,28,6,87,0,40,15,58,0,52,110,3,253,51,43,0,233,37,1,3,0,9,63,158,2,0,0,0,0,145,18,210,47,22,16,72,0,0,324,6,6,1,39,9,38,21
3,0,1,5,0,2,0,0,0,0,0,6,0,0,0,6,10,0,3,1,2,0,4,0,0,5,4,1,0,6,0,14,1,0,29,4,0,8,0,0,2,4,0,0,0,0,16,3,11,0,5,17,1,4,4,0,0,0,0,4,0,0,1,0,8,0,0,0,0,0,0,0,16,0,0,0,8,0,0,0,0,3,0,0,11,0,0,0,13,2,0,5,0,1,0,0,0,6,0,0,9,2,0,2,0,1,6,0,1,0,0,0,0,0,0,0,3,0,0,0,1,0,0,0,17,0,0,0,6,2,0,0,12,17,1,1,0,1,0,0,0,0,0,2,0,1,1,1,3,5,0,4,9,1,24,4,6,0,3,1,0,0,0,2,5,3,0,0,0,0,0,10,0,25,8,2,0,6,0,0,13,0,0,0,1,1,1,2
75,0,137,51,24,30,0,3,0,0,84,23,0,0,1,12,2,0,27,12,34,1,11,0,2,134,34,0,15,42,11,9,1,0,167,41,16,11,3,1,3,31,0,0,27,3,87,41,54,0,25,193,0,2,24,0,6,8,0,21,0,3,0,0,30,0,0,6,4,0,0,51,52,12,0,0,108,0,22,0,0,81,2,0,10,0,0,0,64,0,3,36,2,24,15,2,26,47,1,19,28,1,0,121,0,0,9,0,77,27,0,0,1,0,0,4,192,0,0,0,5,0,0,2,0,1,5,0,2,2,0,0,10,59,22,41,0,22,6,13,0,1,0,66,0,101,0,7,2,48,0,27,26,0,131,30,26,0,108,8,0,6,0,5,46,88,0,0,0,0,0,64,21,141,29,55,8,48,0,0,93,3,3,2,56,7,83,53
2297,0,2947,1666,201,321,3,26,0,11,92,1507,0,4,14,467,344,23,4355,109,1032,46,529,71,60,3549,3462,52,507,1880,81,990,150,0,6869,2298,152,662,53,3,179,5782,23,42,260,58,4587,1510,2168,0,1498,8437,17,92,345,0,42,79,12,114,19,130,6,0,1213,3,103,161,37,10,11,332,2848,327,0,0,3560,0,169,3,81,0,20,15,388,0,18,0,3387,17,66,690,63,468,253,206,416,1774,5,150,1142,19,10,1611,76,28,748,0,1684,462,0,1,11,0,2,79,7218,0,7,2,256,6,0,82,9,3,250,34,247,76,0,17,437,2519,1070,3389,4,519,258,229,4,1,53,314,49,2560,4,334,89,1294,1,835,1593,38,6131,1379,720,66,4286,361,6,33,6,172,1680,3425,2,0,3,171,0,3260,227,6791,1744,166,268,935,0,0,5227,61,94,11,756,146,256,432
14,0,12,15,2,5,0,0,0,8,3,7,0,1,0,8,4,0,8,1,54,0,6,0,0,16,5,0,5,47,2,6,13,0,67,14,0,7,1,0,0,12,1,1,1,1,48,4,29,0,23,58,2,1,1,0,0,0,3,0,1,0,0,0,11,0,7,9,0,0,0,5,20,4,0,0,18,0,2,0,2,20,0,1,3,0,0,0,32,0,6,2,3,2,4,0,1,13,1,3,7,0,1,13,0,1,6,0,10,2,0,0,1,0,1,0,56,0,0,0,2,0,0,2,1,1,17,0,0,1,3,1,6,19,23,32,21,7,7,0,1,0,0,7,4,9,0,4,2,13,0,28,24,0,67,25,8,0,21,39,16,1,0,2,9,14,2,0,0,0,0,17,0,46,13,3,6,6,0,0,34,0,0,0,8,1,4,5
9,0,43,5,0,4,0,2,0,0,1,1,0,0,0,0,2,0,5,3,5,0,3,0,0,44,3,0,1,7,0,3,0,0,21,7,1,5,0,0,0,5,0,0,3,0,18,2,14,0,4,28,0,0,12,0,2,6,1,0,0,2,0,0,9,0,4,1,1,3,4,2,11,1,0,0,16,0,2,0,0,15,1,0,8,10,0,0,8,0,0,13,3,4,3,0,5,6,0,3,3,0,0,25,0,0,2,0,9,4,0,0,0,0,0,2,52,0,0,0,1,0,0,1,0,0,4,0,0,0,0,0,0,44,8,5,1,17,3,0,0,0,0,7,0,35,0,1,0,7,0,10,5,0,31,9,10,0,11,1,0,1,0,0,7,19,0,0,0,0,0,13,0,39,7,7,3,4,0,0,18,0,0,0,22,10,7,5
297,0,695,290,16,109,2,1,0,1,31,122,0,2,0,296,67,22,105,58,202,35,98,89,10,888,189,30,67,311,18,149,26,0,1751,528,18,161,20,0,17,220,8,107,54,12,998,335,1385,0,273,1985,6,25,156,0,6,17,2,47,5,55,3,0,495,0,32,58,8,0,0,110,520,22,0,0,1854,0,18,11,10,388,3,8,0,1,2,0,1008,21,11,407,58,357,63,3,43,242,1,25,231,10,1,381,18,11,100,0,538,80,0,1,2,0,0,14,2865,0,0,0,9,0,0,16,15,0,47,138,46,33,1,2,136,2126,112,404,0,117,56,56,0,2,61,89,11,533,0,47,49,937,0,347,346,7,2833,522,206,82,477,69,3,11,3,439,732,633,0,0,1,12,0,1403,41,2967,1492,36,73,352,0,0,1323,9,28,6,162,48,64,199
0,0,5,1,0,0,0,0,0,0,0,0,0,0,0,0,0,0,0,0,0,0,0,0,0,5,1,0,0,2,0,0,0,0,3,0,1,1,0,0,0,0,0,0,0,0,1,0,1,0,0,0,0,0,2,0,0,0,0,1,0,0,0,0,1,0,0,0,0,0,1,0,0,0,0,0,2,0,0,0,0,0,0,10,1,0,0,0,1,0,0,1,0,0,0,0,0,0,0,0,1,0,0,4,0,0,1,0,1,1,0,0,0,0,0,1,5,0,0,0,0,0,0,0,0,0,0,0,0,0,0,0,0,4,0,0,0,1,0,0,0,0,0,0,0,6,0,0,0,1,0,1,0,0,3,0,1,0,0,0,0,0,0,0,1,4,0,0,0,0,0,1,0,1,0,0,0,0,0,0,1,0,0,0,0,0,0,0
15,0,17,11,2,4,1,3,0,0,0,1,0,0,0,2,2,0,3,2,9,0,4,0,0,11,3,0,5,12,1,1,1,0,40,6,2,2,0,0,0,6,0,0,2,0,21,4,14,0,12,43,0,2,8,0,0,1,0,0,0,0,0,0,15,0,0,4,0,0,0,1,8,0,0,0,14,0,2,0,0,18,0,0,2,0,0,0,17,0,1,68,22,14,3,0,2,11,0,7,5,0,0,15,0,0,1,0,7,3,0,1,2,0,0,3,48,0,0,0,0,0,0,2,0,0,0,0,1,1,0,0,2,11,4,4,0,1,4,0,0,0,0,4,1,16,0,3,1,10,0,12,11,0,36,9,7,0,12,3,0,0,0,0,4,16,0,0,0,0,0,23,5,69,10,4,6,7,0,0,25,0,1,1,5,2,3,1
0,0,0,0,0,0,0,0,1,0,0,0,0,0,0,0,0,0,0,0,0,0,0,0,0,0,0,0,0,0,0,0,0,0,0,0,0,0,0,0,0,0,0,0,0,0,0,0,0,0,0,0,0,0,0,0,0,0,0,0,0,0,0,0,0,0,0,0,0,0,0,0,0,0,0,0,0,0,0,0,0,0,0,0,0,0,0,0,0,0,0,0,0,0,0,0,0,0,0,0,0,0,0,0,0,0,0,0,0,0,0,0,0,0,0,0,0,0,0,0,0,0,0,0,0,0,0,0,0,0,0,0,0,0,0,0,0,0,0,0,0,0,0,0,0,0,0,0,0,0,0,0,0,0,0,0,0,0,0,0,0,0,0,0,0,0,0,0,0,0,0,0,0,0,0,0,0,0,0,0,0,0,0,0,0,0,0,0
3955,0,3465,5215,214,361,3,31,0,15,105,781,0,4,1,990,432,51,1370,93,2043,58,919,127,121,3242,1263,65,1264,4544,86,1535,255,0,17778,3072,96,1523,146,3,57,1708,40,84,360,78,12711,2142,4096,1,2940,18057,39,231,458,0,41,58,11,85,15,120,7,0,2508,4,138,221,62,6,6,378,6939,313,0,2,7847,0,208,13,64,3387,32,8,1008,1,17,0,0,58,104,1021,113,770,644,88,530,3102,10,207,3188,19,5,2437,26,81,1295,0,3219,696,1,8,18,0,0,124,17406,0,4,2,107,2,0,131,21,3,439,59,520,179,1,24,1028,4649,1724,2109,14,436,405,145,5,1,123,335,60,2611,9,787,233,2741,4,1734,4105,23,14846,3117,1833,182,3925,569,14,55,7,397,3304,8648,1,0,2,36,0,6169,454,12324,3410,196,478,1645,0,0,13637,66,186,29,884,186,241,531
12,0,16,12,0,4,0,0,0,0,3,14,0,0,0,16,7,0,7,3,6,4,4,3,0,16,11,3,0,5,1,6,1,0,50,43,0,8,0,0,4,15,1,6,0,0,21,32,34,0,7,60,1,0,4,0,0,2,0,4,0,3,0,0,11,0,2,1,0,0,0,2,15,0,0,0,18,0,2,2,0,17,0,0,21,0,0,0,58,0,0,18,2,10,3,1,9,14,2,0,6,1,0,4,3,1,2,0,29,0,0,0,0,0,0,0,22,0,1,0,0,0,0,0,1,0,1,1,2,2,0,0,4,33,3,25,0,5,1,2,0,0,3,5,1,16,0,2,1,18,0,10,4,0,67,7,6,2,16,4,0,2,0,11,26,9,0,0,0,1,0,18,0,58,35,3,1,11,0,0,37,1,0,0,5,4,3,13
40,0,48,56,8,8,0,1,0,17,9,16,0,0,0,7,14,1,24,2,43,1,13,1,5,55,28,1,18,95,4,28,190,0,225,53,2,33,8,1,0,27,3,2,7,15,114,27,55,0,45,146,1,3,6,0,0,2,1,1,1,4,1,0,40,0,7,31,1,0,0,13,90,4,0,1,90,0,3,0,3,66,6,0,11,0,1,0,104,0,0,16,0,9,18,3,10,54,1,4,39,0,2,39,0,4,21,0,29,3,1,0,0,0,0,2,172,0,0,0,5,0,0,5,0,2,776,0,10,9,1,28,39,67,56,33,1,13,12,2,0,0,2,9,3,37,0,16,2,34,2,28,98,0,167,37,37,3,46,541,9,1,0,5,44,83,1,0,0,1,0,54,6,161,44,9,13,23,0,0,136,0,2,0,20,10,6,12
458,0,1032,391,21,152,1,13,0,1,41,153,0,4,4,291,70,28,200,47,354,96,148,68,21,1211,303,8,100,429,27,213,38,0,1793,842,34,148,23,0,25,333,21,76,130,17,1074,567,1140,0,351,2309,4,28,288,0,21,19,2,91,5,82,2,0,506,1,21,48,6,2,5,162,615,46,0,1,1425,0,75,5,36,690,2,13,407,1,68,0,1021,18,16,0,123,792,72,13,160,290,2,110,246,14,1,580,16,17,147,0,771,234,0,0,4,0,0,56,2540,0,1,0,27,0,0,11,2,0,60,61,55,53,2,3,123,2041,184,538,2,168,46,114,0,0,94,127,14,988,0,58,77,681,0,321,393,6,2897,524,267,76,818,93,2,14,2,186,828,1006,0,0,1,17,0,1866,119,3015,1469,82,93,1029,0,0,1690,26,32,5,290,52,126,431
44,0,74,31,6,15,0,5,0,0,2,23,0,0,0,35,10,4,11,8,43,11,22,13,0,116,30,2,6,30,3,18,2,0,147,70,3,20,1,0,0,31,1,6,8,0,86,45,91,0,31,191,1,0,32,0,2,2,0,5,0,19,0,0,52,0,4,4,2,1,0,18,47,6,0,0,107,0,4,0,2,63,3,3,58,0,22,0,113,2,0,123,0,105,10,1,10,35,0,20,25,0,0,56,3,2,11,0,72,17,0,0,2,0,0,2,171,0,0,0,0,0,0,2,0,0,9,7,1,1,0,0,18,179,14,43,1,16,11,21,0,0,9,13,1,76,0,6,10,54,0,24,36,1,235,47,16,11,65,8,1,2,0,26,62,35,0,0,0,1,0,117,6,269,140,8,9,65,0,0,136,4,1,0,22,6,8,57
369,0,786,283,19,118,0,10,0,3,53,154,0,1,2,181,68,21,116,49,310,42,110,162,14,842,230,13,64,292,44,193,32,0,1350,564,12,129,23,1,2,220,18,74,125,17,872,317,678,0,365,1605,6,15,231,0,14,23,5,15,8,65,3,0,346,1,28,62,7,3,1,156,460,29,0,0,1004,0,33,1,24,468,2,4,357,0,14,0,770,10,9,792,105,0,68,7,95,259,2,53,199,1,2,473,9,8,110,0,499,140,0,1,3,0,1,13,2133,0,1,0,5,0,0,18,1,1,55,48,50,34,0,0,99,1299,161,348,5,122,57,74,0,0,53,152,6,719,0,43,50,592,1,248,340,3,1808,404,170,63,521,84,2,26,3,140,549,633,1,0,0,11,0,1290,104,1840,802,82,81,413,1,0,1155,20,12,7,231,48,111,232
235,0,267,491,25,41,0,7,0,5,16,60,0,1,0,46,106,4,95,6,342,8,48,2,9,270,123,17,212,992,5,360,34,0,1352,209,9,291,33,0,2,143,4,1,42,17,921,97,226,0,406,1070,12,55,57,0,7,7,1,12,2,12,0,0,196,0,20,29,39,0,2,31,757,35,0,1,464,0,36,0,15,253,4,3,63,0,3,0,644,3,18,72,10,68,0,10,45,228,2,15,389,1,1,225,1,18,257,0,192,57,1,1,3,0,0,12,1263,0,0,0,11,0,0,2,8,1,49,8,112,355,0,1,219,335,198,140,0,44,41,10,1,0,8,36,5,230,2,182,69,221,0,125,676,1,1011,217,337,14,301,75,1,5,0,16,159,603,0,0,0,2,0,468,26,812,203,24,41,147,0,0,1026,7,5,1,87,19,38,30
55,0,41,35,24,6,0,0,0,2,3,53,0,0,0,9,18,0,252,1,12,2,20,0,1,60,176,2,14,42,0,31,5,0,167,91,7,18,2,1,21,185,0,0,19,1,103,66,36,0,42,214,0,1,2,0,1,0,0,6,0,2,0,0,16,0,1,6,1,0,0,3,56,14,0,0,55,0,10,0,2,206,0,0,3,0,0,0,88,1,3,13,1,7,10,0,26,51,0,1,23,3,1,33,0,2,24,0,48,4,0,0,0,0,1,1,146,0,0,2,177,0,0,1,2,0,5,0,1,0,0,3,9,40,31,167,0,9,7,9,0,0,0,4,0,22,0,11,2,21,0,17,32,1,100,33,11,0,73,8,0,0,0,4,56,69,0,0,0,2,0,46,3,95,23,4,2,35,0,0,113,1,2,0,10,1,6,16
966,0,282,261,32,42,0,5,0,7,43,196,0,0,1,165,38,0,249,28,189,18,60,10,8,324,268,4,50,270,25,149,39,0,1052,495,17,87,8,2,16,313,3,7,49,4,581,402,241,0,345,1321,2,10,59,0,18,7,1,11,2,15,0,0,176,0,12,38,7,0,0,138,328,40,0,0,313,0,39,0,26,416,1,5,43,0,2,0,530,9,10,160,10,95,45,26,0,291,1,14,148,6,1,188,4,5,96,0,1463,74,0,2,1,0,1,9,1495,0,0,0,43,0,0,2,0,1,36,5,23,16,0,3,57,349,123,352,1,42,16,64,0,0,3,77,5,247,1,42,12,223,1,129,212,3,979,214,124,6,1319,48,0,8,1,34,716,444,1,0,0,16,0,424,22,643,210,49,48,153,0,0,911,8,12,2,72,19,57,144
1969,0,1169,2100,159,136,0,10,0,11,56,882,0,4,3,369,277,18,914,62,875,25,307,34,50,1627,1027,26,603,1982,54,995,169,0,7678,1576,49,814,53,1,64,1015,15,23,162,33,4653,999,1208,0,1403,6341,25,85,175,0,24,28,4,42,5,58,0,0,786,1,56,108,25,2,3,186,3085,183,0,0,2312,0,96,6,47,1774,13,6,242,0,11,0,3102,14,54,290,35,259,228,51,291,0,1,82,1628,12,3,762,42,35,690,0,1805,207,0,2,4,0,1,41,5261,0,4,1,69,0,0,36,13,1,241,33,347,56,1,18,645,1468,845,1031,7,141,148,92,2,0,24,175,28,882,4,433,71,990,3,576,1583,6,4615,1004,713,50,1879,301,4,16,3,94,1321,2900,2,0,0,55,0,2009,154,3606,1070,115,178,659,0,0,4447,32,72,7,274,65,185,290
4,0,4,8,0,0,0,0,0,1,1,5,0,0,0,7,23,1,2,2,4,0,1,1,0,9,3,6,1,15,0,70,1,0,58,13,0,9,0,0,3,5,0,0,0,1,28,5,11,0,12,28,4,3,1,0,0,0,0,0,0,0,0,0,13,6,0,2,8,0,0,1,24,0,0,0,9,0,2,0,1,5,1,0,1,0,0,0,10,2,1,2,0,2,2,0,1,1,0,0,10,0,0,1,0,1,25,0,7,0,0,6,0,0,0,0,17,0,10,0,0,0,0,0,5,1,1,2,4,2,0,0,6,15,4,6,0,1,0,0,0,0,1,1,0,2,0,4,5,6,0,4,24,0,34,5,7,3,3,2,0,0,0,1,8,9,0,0,0,0,0,16,0,26,33,2,4,5,0,0,27,0,1,0,2,0,0,7
87,0,179,114,9,16,0,1,0,0,15,4,0,0,0,15,11,0,39,8,76,0,44,1,13,106,30,0,43,121,3,22,9,0,396,42,7,29,7,0,0,35,1,0,22,2,244,83,160,0,48,398,0,8,20,0,4,0,1,11,2,7,1,0,76,0,11,17,0,1,1,9,98,11,0,0,299,0,6,0,19,150,3,3,25,0,7,0,207,0,4,110,20,53,15,1,14,82,0,0,75,0,1,131,0,1,16,0,63,45,0,0,0,0,0,6,502,0,0,0,3,0,0,6,0,0,23,0,6,7,0,0,26,136,28,60,2,19,28,4,0,0,0,23,6,95,0,31,3,88,0,144,94,1,330,134,43,0,159,21,0,5,0,9,58,144,0,0,0,0,0,241,71,587,62,12,22,46,0,0,253,4,3,0,56,11,23,12
1172,0,1134,1789,77,104,1,10,0,3,30,322,0,0,1,200,391,12,487,36,727,10,288,33,40,1248,509,34,1147,2853,31,1841,129,0,8259,876,41,1409,39,1,18,551,4,7,113,19,5882,541,1143,0,1699,6109,49,285,159,0,11,11,0,26,7,45,1,0,910,3,58,89,69,2,1,114,4992,145,0,2,2295,0,97,9,28,1142,7,3,231,1,5,0,3188,6,39,246,25,199,389,23,148,1628,10,75,0,5,1,713,3,50,1406,0,763,230,0,2,5,0,0,26,7656,0,3,0,31,0,0,31,17,0,184,25,635,108,1,6,879,1466,745,620,6,138,135,34,1,1,12,98,15,947,4,815,90,1061,3,598,3195,10,5932,1100,1098,31,1026,252,7,12,4,66,786,3836,0,0,0,14,0,2512,152,4212,955,61,170,407,0,0,6032,21,55,14,294,53,106,122
13,0,10,7,0,1,0,0,0,1,4,12,0,0,0,11,5,0,8,1,9,1,2,0,0,15,9,1,1,6,0,8,3,0,28,29,0,2,0,0,12,10,0,0,0,0,20,15,24,0,8,43,0,0,6,0,0,0,0,6,0,0,0,0,17,0,0,2,3,0,0,8,13,0,0,0,9,0,3,2,1,19,0,0,10,0,0,0,19,1,0,14,0,1,1,3,6,12,0,0,5,0,0,5,0,2,2,0,9,0,0,0,0,0,0,0,7,0,0,0,2,0,0,0,3,0,4,0,1,0,0,0,8,22,7,15,0,0,1,0,0,0,0,2,0,6,0,2,2,15,0,6,2,0,42,15,9,0,13,7,0,0,1,2,20,5,0,0,0,0,0,15,0,51,28,6,2,39,0,0,30,0,2,0,1,0,3,10
1,0,3,4,0,1,0,0,0,5,0,0,0,0,0,0,0,0,4,0,1,0,1,1,0,3,1,0,0,5,1,1,5,0,10,4,0,4,0,0,0,4,1,0,0,0,7,1,4,0,6,10,0,1,0,0,0,0,0,0,1,0,0,0,5,0,1,2,0,0,0,1,5,0,0,0,5,0,0,0,0,10,1,0,1,0,0,0,5,0,2,1,0,2,1,1,1,3,0,1,1,0,0,1,0,1,1,0,1,2,0,0,0,0,0,1,7,0,0,0,1,0,0,1,0,0,4,0,1,0,0,6,3,6,4,4,1,0,0,0,0,0,0,0,0,2,0,1,0,2,0,0,3,0,7,5,3,0,1,10,0,1,0,0,1,6,0,0,0,0,0,4,1,11,1,0,3,0,0,0,6,0,0,0,0,0,0,1
1170,0,6818,1070,62,978,17,82,0,1,135,185,0,8,4,160,150,9,505,210,755,15,365,44,53,6917,516,20,292,1195,160,452,112,0,4049,810,321,338,43,2,13,586,7,19,322,103,2803,733,2026,0,648,4937,1,47,680,0,95,191,24,225,30,247,15,0,1071,1,75,153,14,12,8,581,1481,107,0,1,3400,0,77,2,121,1611,13,25,381,4,15,0,2437,4,39,580,56,473,225,33,188,762,1,131,713,5,1,0,2,25,341,0,964,530,0,1,24,0,0,253,7012,0,2,2,50,5,0,56,7,2,218,20,150,70,0,3,289,5616,470,818,5,1303,223,112,1,7,25,839,58,4953,4,171,33,1182,2,830,1263,23,4506,1022,506,17,1650,288,5,110,9,144,732,3043,1,0,0,4,0,2840,242,4773,1006,473,232,532,0,0,3338,33,67,10,2504,443,578,355
9,0,8,4,0,1,0,0,0,0,2,85,0,0,0,20,15,8,33,4,3,3,3,4,0,35,91,1,1,5,2,8,2,0,36,47,0,3,1,0,0,85,1,3,2,1,22,32,18,0,12,73,1,1,4,0,0,0,1,0,1,4,0,0,14,0,0,0,0,0,0,2,16,0,0,0,22,0,1,0,0,76,0,0,18,0,0,0,26,3,0,16,3,9,1,0,4,42,0,0,3,0,0,2,0,1,3,0,37,1,0,0,0,0,0,0,2,0,0,0,1,0,0,0,0,0,0,1,2,2,0,0,7,37,9,40,0,3,0,31,0,0,6,6,0,19,0,0,4,15,0,0,7,0,70,6,3,7,51,1,0,1,0,5,33,4,0,0,0,80,0,19,0,30,55,0,1,20,0,0,34,1,0,0,0,2,3,26
24,0,30,51,2,3,0,0,0,1,4,11,0,0,0,18,25,5,13,3,30,1,12,0,2,38,25,4,23,84,3,145,8,0,215,39,1,40,2,0,7,23,7,3,7,4,130,30,64,0,49,141,9,8,9,0,0,1,0,4,0,2,0,0,48,0,2,9,5,0,1,10,127,1,0,0,74,0,6,1,0,28,1,0,11,0,0,0,81,1,4,17,2,8,18,2,5,35,1,1,50,2,1,25,1,0,44,0,28,5,0,1,1,0,0,2,158,0,1,0,2,0,0,3,3,0,8,4,23,8,0,0,29,54,29,22,0,7,6,1,0,0,5,1,0,33,1,21,9,48,5,28,333,1,169,33,39,3,24,25,0,0,0,6,42,90,0,0,0,1,0,86,0,147,61,0,12,19,1,0,157,0,2,1,11,4,1,16
531,0,660,621,37,62,0,9,0,2,20,292,0,0,1,119,380,10,465,13,380,4,176,16,29,796,476,27,392,1241,24,2976,51,0,4605,728,12,704,20,2,19,456,15,11,57,15,3008,272,611,0,1129,3054,39,131,109,0,8,9,2,19,6,37,1,0,535,4,23,44,152,2,0,81,3005,171,0,1,1141,0,75,6,9,748,6,2,100,1,1,0,1295,2,21,147,11,110,257,24,96,690,25,16,1406,2,1,341,3,44,0,0,377,137,0,3,3,0,0,13,5130,0,4,0,26,1,0,21,15,1,76,25,336,57,0,3,403,812,448,532,2,103,49,43,1,1,15,62,13,605,1,322,94,628,3,287,1732,1,3462,549,560,28,456,130,6,5,1,45,435,2349,0,0,0,10,0,1668,38,2308,624,41,102,213,0,0,3331,14,22,5,161,26,57,64
0,0,0,0,0,0,0,0,0,0,0,0,0,0,0,0,0,0,0,0,0,0,0,0,0,0,0,0,0,0,0,1,0,0,0,0,0,0,0,0,0,0,0,0,0,0,0,0,0,0,0,0,0,0,0,0,0,0,0,0,0,0,0,0,0,0,0,0,0,0,0,0,0,0,0,0,0,0,0,0,0,0,0,0,0,0,0,0,0,0,0,0,0,0,0,0,0,0,0,0,0,0,0,0,0,0,0,0,0,0,0,0,0,0,0,0,0,0,1,0,0,0,0,0,0,0,0,0,0,0,0,0,0,0,0,0,0,0,0,0,0,0,0,0,0,0,0,0,0,0,0,0,0,0,0,0,0,0,0,0,0,0,0,0,0,0,0,0,0,0,0,0,0,0,0,0,0,0,0,0,0,0,0,0,0,0,0,0
4041,0,1713,1439,118,228,4,8,0,5,144,604,0,5,2,1030,149,33,803,81,767,82,301,86,26,1578,1162,16,307,1152,95,509,84,0,5286,2188,50,430,40,5,44,1162,28,90,169,30,3400,2142,1268,0,963,8360,7,50,308,0,35,44,7,43,4,96,0,0,818,0,46,94,21,1,4,638,1829,146,0,0,2221,0,90,1,77,1684,10,9,538,1,7,0,3219,29,29,771,72,499,192,48,1463,1805,7,63,763,9,1,964,37,28,377,0,0,325,1,2,6,0,0,55,5569,0,0,0,84,1,0,34,6,0,131,82,116,49,0,10,317,2631,503,1841,6,228,122,194,1,3,101,372,30,1309,1,210,103,1073,0,623,1061,5,5687,1079,590,105,4758,185,6,39,7,309,3359,2271,1,0,3,44,0,2452,121,3909,1743,226,182,1082,0,0,4662,66,61,11,504,99,241,659
351,0,833,278,20,56,0,10,0,1,21,58,0,0,3,50,31,2,123,16,258,3,64,12,14,795,172,1,88,303,17,160,20,0,1227,256,31,104,8,0,0,220,1,0,49,7,810,163,426,0,213,1467,1,13,88,0,14,11,2,37,1,28,1,0,249,0,6,16,4,3,2,72,436,30,0,0,926,0,31,0,27,462,2,4,80,1,3,0,696,0,3,234,17,140,57,4,74,207,0,45,230,0,2,530,1,5,137,0,325,0,0,2,4,0,0,34,2324,0,0,0,7,0,0,3,0,0,35,7,38,25,0,0,76,771,85,207,1,82,36,28,0,0,4,64,11,996,0,40,16,325,1,211,401,6,1745,282,137,11,1079,49,2,15,0,74,233,1100,0,0,0,1,0,1005,102,1579,240,34,62,138,0,0,1089,8,14,5,205,45,64,54
0,0,4,1,0,0,0,0,0,0,0,0,0,0,0,0,0,0,0,0,1,0,0,0,0,1,0,0,0,0,0,0,0,0,1,1,0,1,0,0,0,0,0,0,0,0,1,0,3,0,0,0,0,0,1,0,0,0,0,0,1,0,0,0,2,0,0,0,0,0,0,0,1,0,0,0,2,0,0,0,0,0,0,0,0,0,0,0,1,0,1,0,0,0,1,0,0,0,0,0,0,0,0,0,0,0,0,0,1,0,0,0,1,0,0,0,2,0,0,0,0,0,0,0,0,0,1,0,0,0,0,0,0,1,0,0,0,1,0,0,0,0,0,1,0,0,0,0,0,0,0,0,2,0,1,0,1,0,2,1,0,1,0,0,0,1,0,0,0,0,0,1,0,4,0,1,0,0,0,0,1,0,0,0,2,0,1,1
4,0,4,1,1,0,0,0,0,0,0,1,0,0,0,0,5,0,1,0,2,0,0,0,0,3,4,1,1,4,1,12,0,0,10,2,0,3,0,0,0,3,0,0,3,0,10,3,5,0,2,7,0,1,1,0,0,1,0,0,0,0,0,0,0,0,0,0,0,0,0,0,9,0,0,0,2,0,2,0,0,1,0,0,1,0,1,0,8,0,0,0,0,1,1,0,2,2,6,0,2,0,0,1,0,1,3,0,2,2,0,0,0,0,0,1,13,0,0,0,0,0,0,1,1,0,0,0,1,0,0,0,1,1,4,1,0,0,0,0,0,0,0,0,0,0,0,0,0,3,0,1,10,0,7,0,1,0,4,3,1,0,0,0,3,5,0,0,0,0,0,7,0,3,2,0,0,0,0,0,9,1,1,0,0,0,0,0
4,0,45,6,2,16,2,37,0,0,1,7,0,20,1,2,2,0,1,1,0,0,2,0,1,51,0,0,2,6,3,1,0,0,24,11,1,2,0,0,3,6,0,1,5,2,15,2,12,0,5,30,0,0,17,0,3,4,4,1,6,9,0,0,8,0,0,3,0,0,1,8,9,0,0,0,15,0,0,0,1,11,1,0,2,0,2,0,18,0,0,4,2,3,3,0,1,4,0,0,5,0,0,24,0,1,3,0,6,4,1,0,0,0,0,3,33,0,0,0,0,5,0,3,0,0,1,0,0,0,0,0,1,17,6,5,0,19,1,0,0,3,0,14,2,27,0,2,0,3,0,2,9,0,27,5,4,0,11,5,0,5,10,4,6,14,0,0,0,0,0,18,1,18,9,9,5,3,0,0,16,0,0,0,27,6,4,1
0,0,0,0,0,0,0,0,0,0,0,0,0,0,0,0,0,0,0,0,0,0,0,0,0,0,0,0,0,0,0,0,0,0,0,0,0,0,0,0,0,0,0,0,0,0,0,0,0,0,0,0,0,0,0,0,0,0,0,0,0,0,0,0,0,0,0,0,0,0,0,0,0,0,0,0,0,0,0,0,0,0,0,0,0,0,0,0,0,0,0,0,0,0,0,0,0,0,0,0,0,0,0,0,0,0,0,0,0,0,0,0,0,0,0,0,0,0,0,0,0,0,0,0,0,0,0,0,0,0,0,0,0,0,0,0,0,0,0,0,0,0,0,0,0,0,0,0,0,0,0,0,0,0,0,0,0,0,0,0,0,0,0,0,0,0,0,0,0,0,0,0,0,0,0,0,0,0,0,0,0,0,0,0,0,0,0,0
1,0,1,0,0,0,0,0,0,0,0,0,0,0,0,0,0,0,0,0,3,0,1,0,1,0,0,0,0,1,0,1,3,0,2,0,0,0,0,0,0,0,0,0,0,0,3,0,2,0,1,1,0,0,0,0,0,0,0,0,0,0,0,0,0,0,0,0,0,0,0,1,2,0,0,0,0,0,1,0,0,2,1,0,0,0,0,0,0,0,0,0,0,1,0,1,1,1,0,0,0,0,0,0,0,0,0,0,0,0,0,0,0,0,0,0,1,0,0,0,0,0,0,0,0,2,6,0,0,0,1,2,0,0,5,0,0,0,0,0,0,0,0,0,0,0,0,0,0,0,0,1,0,0,1,1,0,0,3,10,4,0,0,0,1,0,0,0,0,0,0,2,0,1,1,0,0,0,0,0,2,0,0,0,0,0,0,0
59,0,646,51,2,388,2,11,0,0,7,9,0,1,0,8,3,0,29,51,40,0,14,1,1,507,20,0,13,50,1,16,4,0,153,42,30,18,1,0,3,33,0,0,8,7,118,35,57,0,22,227,0,1,82,0,14,38,3,10,5,24,4,0,29,0,4,5,2,1,2,28,69,8,0,0,136,0,12,0,4,79,0,2,14,1,3,0,124,0,2,56,2,13,12,1,9,41,0,6,26,0,1,253,0,2,13,0,55,34,0,1,3,0,0,0,330,0,0,0,2,0,0,3,0,0,8,0,3,1,0,0,16,133,10,39,0,94,8,4,1,0,0,46,1,483,0,9,3,37,0,32,60,2,221,42,22,0,70,10,0,4,0,7,31,126,0,0,0,0,0,124,15,244,28,45,7,24,0,0,162,4,3,0,276,54,38,17
7315,0,12225,6643,299,1022,7,109,0,15,279,1668,0,11,8,1146,926,15,3109,243,4367,50,3243,211,534,11328,3279,60,1976,7809,218,6798,471,0,44940,6143,232,2974,166,7,78,3297,37,49,674,189,33135,3974,12403,0,8837,43766,66,362,1739,0,153,118,25,212,25,449,6,0,12655,2,525,944,278,15,23,1055,16896,766,0,2,28392,1,317,3,192,7218,56,52,2865,5,48,0,17406,22,172,2540,171,2133,1263,146,1495,5261,17,502,7656,7,7,7012,2,158,5130,0,5569,2324,2,13,33,0,1,330,0,0,7,1,211,6,0,380,15,2,825,348,1054,366,2,17,1577,13438,3189,5054,34,1305,1564,405,0,7,37,881,258,10058,13,1367,243,16146,9,4122,12015,27,60387,9221,2937,69,7496,1092,15,92,14,918,5581,63357,0,0,6,30,0,35309,1081,46096,13506,571,1309,2548,1,0,40830,202,782,212,2963,610,664,733
0,0,0,0,0,0,0,0,0,0,0,0,0,0,0,0,0,0,0,0,0,0,0,0,0,0,0,0,0,0,0,0,0,0,0,0,0,0,0,0,0,0,0,0,0,0,0,0,0,0,0,0,0,0,0,0,0,0,0,0,0,0,0,0,0,0,0,0,0,0,0,0,0,0,0,0,0,0,0,0,0,0,0,0,0,0,0,0,0,0,0,0,0,0,0,0,0,0,0,0,0,0,0,0,0,0,0,0,0,0,0,0,0,0,0,0,0,0,0,0,0,0,0,0,0,0,0,0,0,0,0,0,0,0,0,0,0,0,0,0,0,0,0,0,0,0,0,0,0,0,0,0,0,0,0,0,0,0,0,0,0,0,0,0,0,0,0,0,0,0,0,0,0,0,0,0,0,0,0,0,0,0,0,0,0,0,0,0
1,0,3,1,0,0,0,0,0,0,0,5,0,0,0,3,9,2,1,0,2,0,0,0,0,5,7,1,2,2,0,24,0,0,17,5,0,1,0,0,0,4,1,1,0,0,19,1,5,0,8,17,0,0,0,0,0,0,0,0,0,0,0,0,0,7,0,0,2,0,0,0,16,0,0,0,6,0,0,0,0,7,0,0,0,0,0,0,4,1,0,1,0,1,0,0,0,4,10,0,3,0,0,2,0,1,4,1,0,0,0,0,0,0,0,0,7,0,0,0,0,0,0,0,0,0,0,2,2,1,0,0,1,6,3,1,0,2,0,0,0,0,1,0,0,4,0,1,2,3,0,0,2,0,14,1,4,2,2,1,0,1,0,0,4,2,0,0,0,1,0,8,0,7,16,0,1,0,0,0,10,0,1,0,0,0,0,2
0,0,1,0,0,0,0,0,0,0,1,1,0,0,0,0,1,0,2,0,0,0,0,0,0,3,1,0,0,2,0,0,1,0,4,0,0,0,0,3,0,0,0,0,0,0,0,0,1,0,1,1,0,0,0,0,0,0,0,0,0,0,0,0,0,0,0,0,0,0,0,0,0,0,0,0,0,0,2,0,0,2,0,0,0,0,0,0,2,0,0,0,0,0,0,2,0,1,0,0,0,0,0,2,0,0,0,0,0,0,0,0,0,0,0,0,1,0,0,0,1,0,0,0,1,2,1,0,0,0,0,1,1,0,0,1,0,2,0,1,2,0,0,0,0,0,0,0,0,0,0,0,0,0,1,0,1,0,0,0,0,0,0,0,1,1,0,0,0,0,0,1,0,1,1,0,0,2,0,0,0,0,0,0,1,0,0,2
84,0,58,74,35,11,0,0,0,3,5,40,0,0,4,12,17,0,268,6,23,2,13,1,1,90,195,0,19,67,4,28,6,0,218,113,13,23,4,0,6,225,0,0,26,2,118,79,46,0,52,263,0,2,11,0,7,4,0,6,1,5,0,0,30,0,2,6,2,0,0,10,70,23,0,0,85,0,26,1,5,256,2,1,9,0,0,0,107,0,5,27,0,5,11,177,43,69,0,3,31,2,1,50,1,2,26,0,84,7,0,0,0,0,0,2,211,0,0,1,0,0,0,5,0,1,16,2,2,6,0,4,15,50,25,178,0,20,2,9,0,0,0,10,1,46,0,14,3,40,0,23,39,8,159,30,29,0,132,12,1,2,0,3,73,101,0,0,0,0,0,60,4,138,22,8,8,45,0,0,120,9,5,0,16,3,14,18
3,0,37,3,0,7,2,10,0,0,1,0,0,2,0,1,0,0,0,2,1,0,0,0,2,37,3,1,0,1,0,0,0,0,3,2,0,2,1,0,0,0,0,0,0,0,2,2,6,0,0,14,1,0,8,0,0,3,3,0,1,0,1,0,1,0,1,1,0,1,4,0,1,0,0,0,5,0,0,0,0,6,0,0,0,0,0,0,2,0,0,0,0,0,0,0,0,0,0,0,0,0,0,5,0,0,1,0,1,0,0,0,5,0,0,0,6,0,0,0,0,0,0,0,0,0,1,0,2,0,0,0,1,6,3,5,0,19,0,1,0,2,1,11,0,8,0,1,0,1,0,3,2,0,5,2,3,0,8,3,0,4,1,0,2,1,0,0,0,0,0,2,0,7,6,3,1,0,0,0,1,0,1,0,19,2,3,1
0,0,0,0,0,0,0,0,0,0,0,0,0,0,0,0,0,0,0,0,0,0,0,0,0,0,0,0,0,0,0,0,0,0,0,0,0,0,0,0,0,0,0,0,0,0,0,0,0,0,0,0,0,0,0,0,0,0,0,0,0,0,0,0,0,0,0,0,0,0,0,0,0,0,0,0,0,0,0,0,0,0,0,0,0,0,0,0,0,0,0,0,0,0,0,0,0,0,0,0,0,0,0,0,0,0,0,0,0,0,0,0,0,0,0,0,0,0,0,0,0,0,0,0,0,0,0,0,0,0,0,0,0,0,0,0,0,0,0,0,0,0,0,0,0,0,0,0,0,0,0,0,0,0,0,0,0,0,0,0,0,0,0,0,0,0,0,0,0,0,0,0,0,0,0,0,0,0,0,0,0,0,0,0,0,0,0,0
67,0,59,72,5,5,1,1,0,0,4,6,0,0,0,16,9,0,28,2,48,2,44,3,7,68,11,1,18,75,4,21,14,0,247,49,1,17,2,0,1,19,1,2,9,1,128,47,159,0,42,229,0,1,8,0,0,0,2,6,2,1,1,0,72,0,14,33,0,0,0,8,83,7,0,0,187,0,5,0,2,82,2,1,16,0,2,0,131,0,5,11,2,18,2,1,2,36,0,6,31,0,1,56,0,3,21,0,34,3,0,1,3,0,0,3,380,0,0,0,5,0,0,0,0,0,13,0,3,1,0,0,24,103,29,42,1,10,10,2,0,0,1,12,3,27,0,10,2,50,0,57,51,0,228,94,30,4,70,23,1,2,0,23,47,47,0,0,0,0,0,62,4,325,69,7,23,31,0,0,172,1,0,0,19,3,6,15
10,0,15,5,0,4,0,0,0,0,2,9,0,0,0,10,23,0,5,0,9,1,2,0,1,13,6,3,0,8,0,40,1,0,76,10,0,13,0,1,5,9,0,2,0,0,41,7,27,0,17,35,8,4,6,0,0,1,0,13,0,0,0,0,18,0,0,3,3,0,0,5,40,0,0,0,8,0,1,17,0,9,1,0,15,0,0,0,21,1,0,2,0,1,8,2,0,13,5,0,17,3,0,7,0,3,15,0,6,0,0,1,0,0,0,0,15,0,0,1,0,0,0,0,0,0,0,0,7,5,0,0,17,32,6,5,0,1,1,0,0,0,0,3,0,1,1,3,5,14,0,9,33,0,45,12,16,0,14,3,0,0,0,2,13,14,0,0,0,0,0,16,0,41,44,6,1,8,0,0,36,0,1,0,3,1,1,2
0,0,1,3,1,0,0,0,0,1,1,0,0,0,0,0,1,0,1,0,2,0,0,0,0,1,0,0,1,1,0,3,3,0,9,1,0,0,3,1,0,0,0,0,2,1,7,0,1,0,3,3,0,0,0,0,0,0,0,1,0,0,0,0,2,0,0,0,0,0,0,0,3,0,0,6,5,0,23,0,1,3,1,0,0,0,0,0,3,0,2,0,0,1,1,0,1,1,1,0,0,0,0,2,0,0,1,0,0,0,0,0,0,0,2,0,2,0,0,2,1,0,0,0,0,0,5,0,0,0,5,3,1,3,3,0,0,0,0,0,0,0,0,0,0,1,0,1,0,0,0,0,4,0,2,1,0,0,2,11,0,0,0,0,1,3,3,0,0,0,0,1,0,3,0,0,0,1,0,0,6,0,0,0,0,0,0,0
223,0,252,254,15,31,0,0,0,76,16,66,0,2,0,49,48,1,108,7,184,7,81,5,8,272,101,4,88,418,20,160,1646,0,868,192,9,108,12,3,4,114,4,2,29,17,506,100,247,0,175,699,3,17,40,0,5,4,4,6,5,11,0,0,146,1,36,108,4,0,0,56,334,24,0,0,419,0,29,0,5,250,17,4,47,0,0,0,439,1,776,60,9,55,49,5,36,241,1,23,184,4,4,218,0,8,76,0,131,35,1,0,1,0,6,8,825,0,0,1,16,1,0,13,0,5,0,4,32,23,6,81,96,324,255,150,3,35,59,7,1,0,10,53,9,174,0,61,11,177,2,128,397,4,750,192,127,14,225,1038,14,5,1,26,182,477,0,0,0,1,0,333,44,701,206,37,37,105,0,0,531,4,6,1,76,15,30,57
23,0,68,23,0,6,1,1,0,1,5,20,0,1,0,41,10,13,5,3,24,3,22,8,1,83,37,1,5,32,2,57,1,0,414,65,2,16,3,0,0,33,2,18,10,2,216,34,85,0,70,252,3,0,24,0,2,1,1,1,0,10,0,0,71,0,1,1,4,0,0,12,113,0,0,0,151,0,1,0,0,34,0,0,138,0,0,0,59,1,0,61,7,48,8,0,5,33,2,0,25,0,0,20,1,4,25,0,82,7,0,0,0,0,0,0,348,0,2,0,2,0,0,0,0,0,4,0,4,5,0,0,13,209,15,23,0,10,3,7,0,0,20,3,3,66,0,3,14,150,1,16,42,1,666,28,26,16,29,3,0,0,0,11,97,101,0,0,1,1,0,306,1,330,381,2,10,32,0,0,275,2,5,0,10,6,15,20
170,0,200,281,16,32,0,8,0,3,3,106,0,1,0,36,194,4,101,4,130,4,58,5,10,434,123,13,238,523,8,517,29,0,1200,166,8,926,11,1,11,129,8,2,21,13,882,89,222,0,331,869,43,146,35,0,2,3,1,12,3,9,0,0,154,2,14,23,29,2,0,28,977,27,0,2,417,0,20,6,2,247,0,0,46,0,1,0,520,2,10,55,1,50,112,1,23,347,4,6,635,1,1,150,2,23,336,0,116,38,0,1,0,0,0,3,1054,0,2,0,2,2,0,3,7,0,32,4,0,42,0,2,387,273,147,104,0,41,29,14,1,0,11,22,3,202,1,388,54,162,1,98,839,1,857,159,336,16,160,77,0,1,0,19,147,538,1,0,0,6,0,402,21,617,226,18,33,89,0,0,862,6,2,3,53,13,36,26
65,0,84,166,6,10,1,1,0,0,7,24,0,0,0,18,61,3,31,3,114,2,22,1,1,108,43,7,54,349,3,78,23,0,367,69,3,119,32,0,1,43,2,0,20,6,243,46,75,0,95,275,4,19,38,0,4,3,0,2,0,4,0,0,62,1,2,6,5,0,0,20,205,5,0,0,151,0,14,2,2,76,1,0,33,0,1,0,179,2,9,53,1,34,355,0,16,56,2,7,108,0,0,70,2,8,57,0,49,25,0,0,0,0,0,1,366,0,1,0,6,0,0,1,5,0,23,5,42,0,0,0,161,145,42,47,0,12,8,6,1,0,11,16,3,73,1,53,25,74,2,51,180,1,344,79,140,10,70,35,0,3,0,7,47,186,0,0,1,1,0,147,8,300,124,4,16,127,0,0,235,1,2,2,25,3,14,19
0,0,1,0,1,0,0,0,0,0,0,0,0,0,0,0,0,0,0,0,1,0,1,0,0,2,0,0,0,1,0,1,1,0,9,0,0,1,0,1,0,0,0,0,0,0,6,0,0,0,2,2,0,0,0,0,0,0,0,0,0,0,0,0,4,0,0,3,0,0,0,0,0,0,0,2,1,0,4,0,0,0,3,0,1,0,0,0,1,0,1,2,0,0,0,0,0,1,0,0,1,0,0,0,0,0,0,0,0,0,0,0,0,0,1,0,2,0,0,0,0,0,0,0,0,5,6,0,0,0,0,1,1,2,1,0,1,0,0,0,0,0,0,0,0,0,0,0,0,0,0,0,2,0,3,1,0,0,0,7,0,0,0,1,1,0,0,0,0,0,0,2,0,4,1,0,0,2,0,0,3,0,0,0,0,0,1,2
7,0,11,11,2,0,0,0,0,64,2,3,0,0,0,5,2,0,9,1,2,2,1,2,0,15,14,2,3,16,3,4,77,0,36,13,0,3,0,0,0,12,0,0,3,8,17,12,10,0,9,31,0,0,1,0,0,0,1,0,0,1,0,0,4,0,6,41,1,0,0,5,18,1,0,0,12,0,7,0,0,17,1,0,2,0,0,0,24,0,28,3,0,0,1,3,3,18,0,0,6,0,6,3,0,0,3,0,10,0,0,0,0,0,2,0,17,0,0,1,4,0,0,0,0,3,81,0,2,0,1,0,4,10,23,12,0,6,7,3,0,0,0,5,1,8,0,4,1,14,0,2,4,0,13,7,6,2,20,136,4,0,0,0,14,12,0,0,0,1,0,8,2,19,12,2,2,5,0,0,23,0,0,0,4,0,0,13
458,0,408,906,49,48,1,5,0,6,25,161,0,0,2,124,332,20,209,19,293,6,157,19,23,402,202,44,524,1341,22,594,76,0,2399,408,15,1230,41,1,22,253,6,9,60,15,1451,265,497,0,534,1636,30,126,64,0,9,6,1,18,4,18,1,0,344,2,24,57,35,0,2,71,1348,42,0,0,764,0,42,12,10,437,6,0,136,0,2,0,1028,4,39,123,18,99,219,9,57,645,6,26,879,8,3,289,7,29,403,0,317,76,0,1,1,0,0,16,1577,0,1,1,15,1,0,24,17,1,96,13,387,161,1,4,0,679,292,229,4,54,75,19,0,0,21,69,13,269,3,538,82,398,4,221,1014,6,1597,380,1965,45,452,188,5,3,0,38,447,837,0,0,0,6,0,673,49,1376,510,43,66,326,0,0,1438,8,15,4,112,20,47,115
2015,0,6530,1875,73,820,15,61,0,7,211,661,0,9,2,1136,394,111,844,271,1216,128,750,156,77,6751,1129,59,414,2057,203,1249,197,0,8880,2998,124,872,90,3,55,1213,39,157,581,120,5993,1808,3708,0,1663,11569,29,93,1088,0,55,126,23,332,23,277,12,0,2436,2,112,265,42,13,11,735,3366,176,0,0,5550,1,103,17,59,2519,19,44,2126,4,11,0,4649,33,67,2041,179,1299,335,40,349,1468,15,136,1466,22,6,5616,37,54,812,0,2631,771,1,1,17,0,0,133,13438,0,6,0,50,6,0,103,32,3,324,209,273,145,2,10,679,0,843,1910,12,918,287,253,4,8,328,817,54,5492,1,379,211,3284,4,1381,2703,15,12554,2371,1389,255,2701,397,12,102,12,476,3690,6337,0,0,3,44,0,7021,274,11082,5640,455,424,2122,2,0,7723,65,103,29,1803,319,515,1142
836,0,629,1247,59,64,0,7,0,17,24,403,0,3,0,186,189,9,472,28,1102,12,216,22,27,655,460,27,274,1725,33,752,202,0,4557,824,10,413,44,5,35,693,19,23,86,41,3596,282,874,0,2524,3400,28,42,116,0,5,11,3,16,4,33,3,0,471,3,61,152,26,0,1,86,2347,93,0,2,1313,0,138,1,22,1070,23,8,112,0,4,0,1724,3,56,184,14,161,198,31,123,845,4,28,745,7,4,470,9,29,448,0,503,85,0,4,6,0,5,10,3189,0,3,0,25,3,0,29,6,3,255,15,147,42,1,23,292,843,0,652,9,103,115,50,1,1,36,80,21,446,2,259,56,487,2,489,1021,6,2981,653,432,44,792,344,5,11,2,52,699,1489,0,0,0,21,0,1222,89,2177,829,37,122,285,0,0,3336,8,31,10,176,26,59,123
1605,0,1410,1051,131,181,3,7,0,7,53,823,0,4,0,482,176,29,2233,64,801,58,305,68,30,1704,1949,15,295,1197,54,691,110,0,5033,2176,59,369,29,3,98,3240,21,55,138,40,2902,1753,1219,0,846,7973,10,38,207,0,18,33,9,39,6,59,3,0,798,1,40,85,17,0,1,171,1739,235,0,2,2097,0,82,1,41,3389,32,5,404,0,4,0,2109,25,33,538,43,348,140,167,352,1031,6,60,620,15,4,818,40,22,532,0,1841,207,0,1,5,0,0,39,5054,0,1,1,178,5,0,42,5,0,150,23,104,47,0,12,229,1910,652,0,10,205,124,179,2,3,72,192,27,1188,2,186,73,1007,1,609,868,9,4729,928,448,71,2121,216,9,22,6,173,1693,2229,3,0,4,85,0,2321,108,3747,1537,98,127,852,1,0,4035,58,69,12,341,66,144,354
6,0,11,8,0,3,0,0,0,2,1,2,0,1,0,2,1,0,2,3,22,0,1,1,1,12,1,0,2,21,1,3,5,0,36,4,0,5,0,0,0,2,0,0,0,0,19,3,17,0,10,34,0,0,3,0,0,1,1,1,0,0,0,0,6,0,3,8,0,0,0,0,10,2,0,0,18,0,2,0,0,4,21,1,0,0,0,0,14,0,1,2,1,5,0,0,1,7,0,2,6,0,1,5,0,0,2,0,6,1,0,0,0,0,0,0,34,0,0,0,0,0,0,1,0,0,3,0,0,0,1,0,4,12,9,10,0,2,1,0,0,0,0,1,0,5,0,3,0,4,0,11,9,0,53,20,5,0,12,9,1,2,0,0,7,8,0,0,0,0,0,13,1,34,7,0,1,5,0,0,31,1,0,0,3,1,0,1
183,0,5533,146,5,1247,28,67,0,3,67,78,0,24,2,73,62,6,158,320,171,11,82,27,9,6822,135,3,46,207,83,110,27,0,774,231,283,77,7,0,6,138,6,21,95,92,522,164,462,0,163,954,5,12,588,0,57,305,61,85,56,280,16,0,223,2,21,52,10,76,106,217,279,24,0,0,622,0,23,1,22,519,7,17,117,1,1,0,436,5,13,168,16,122,44,9,42,141,1,19,138,0,0,1303,3,7,103,0,228,82,1,0,19,0,0,94,1305,0,2,2,20,19,0,10,1,0,35,10,41,12,0,6,54,918,103,205,2,0,59,56,1,15,30,515,20,3223,1,35,14,260,0,132,233,29,1003,266,85,13,327,63,0,84,8,49,206,510,0,0,0,7,0,585,41,1013,436,222,50,114,0,0,643,10,14,1,2826,383,336,156
182,0,344,221,18,31,0,6,0,2,19,27,0,0,0,38,22,0,98,10,108,1,96,9,37,281,88,2,72,264,16,86,59,0,905,127,11,75,5,1,5,110,2,5,20,8,544,94,423,0,150,824,0,19,35,0,5,6,1,6,6,14,1,0,214,0,36,85,6,5,1,50,278,20,0,0,685,0,15,0,6,258,7,3,56,0,4,0,405,1,12,46,11,57,41,7,16,148,0,28,135,1,0,223,0,6,49,0,122,36,0,0,1,0,0,8,1564,0,0,0,2,0,0,10,1,0,59,3,29,8,0,7,75,287,115,124,1,59,0,4,0,0,3,52,9,163,0,49,5,196,1,177,215,2,696,284,97,4,224,100,5,15,2,49,131,300,0,0,0,1,0,386,33,1046,188,17,53,103,0,0,627,3,7,3,122,30,28,69
86,0,205,40,5,32,1,1,0,0,23,124,0,1,0,92,28,14,76,19,58,36,33,22,1,381,183,2,7,61,19,59,16,0,377,264,17,24,7,0,0,154,5,10,59,4,208,178,162,0,153,477,1,3,58,0,1,6,1,10,0,49,1,0,62,0,4,14,2,0,1,48,120,5,0,0,176,0,5,0,13,229,0,0,56,0,0,0,145,2,2,114,21,74,10,9,64,92,0,4,34,0,0,112,31,1,43,0,194,28,0,0,0,0,0,4,405,0,0,1,9,1,0,2,0,0,7,7,14,6,0,3,19,253,50,179,0,56,4,0,0,1,22,84,2,211,0,9,13,115,0,24,51,4,441,99,36,23,226,20,0,15,2,27,299,114,0,0,0,30,0,224,3,321,299,25,22,81,0,0,327,7,5,1,49,9,126,236
2,0,2,1,0,0,0,1,0,0,0,0,0,0,0,0,0,1,1,0,0,0,1,0,0,4,0,1,1,2,0,2,1,0,4,1,0,1,0,0,1,2,0,0,1,0,2,0,3,0,7,4,0,1,1,0,0,0,0,0,0,0,0,0,1,0,0,1,0,0,0,1,1,0,0,1,4,0,1,0,0,4,1,0,0,0,0,0,5,0,0,0,0,0,1,0,0,2,0,0,1,0,0,1,0,0,1,0,1,0,0,0,0,0,0,1,0,0,0,2,0,0,0,0,0,0,1,0,1,1,0,0,0,4,1,2,0,1,0,0,0,0,0,0,0,3,0,0,1,1,0,0,1,0,5,0,0,1,3,1,0,0,0,0,1,0,0,0,0,0,0,1,0,4,2,1,1,2,0,0,2,0,1,0,1,0,0,1
1,0,20,1,0,18,11,0,0,0,2,0,0,6,0,2,0,0,0,11,0,1,0,1,0,19,1,0,0,1,3,0,0,0,1,4,0,0,0,0,0,2,0,0,0,1,1,2,5,0,0,7,0,0,6,0,0,9,4,0,11,5,2,0,0,0,0,2,0,1,1,2,1,0,0,0,1,0,0,0,1,1,0,0,2,0,0,0,1,0,0,0,0,0,0,0,0,0,0,0,1,0,0,7,0,0,1,0,3,0,0,0,3,0,0,0,7,0,0,0,0,2,0,0,0,0,0,0,0,0,0,0,0,8,1,3,0,15,0,1,0,0,0,7,1,10,0,0,0,2,0,0,2,0,6,1,1,0,3,1,0,4,1,3,1,0,0,0,0,0,0,2,0,4,6,0,1,0,0,0,3,0,0,0,12,3,3,2
15,0,76,25,0,13,2,0,0,0,3,34,0,1,0,54,26,154,10,3,24,5,22,12,0,120,46,2,6,46,2,49,2,0,242,115,1,33,39,0,0,41,10,16,6,2,132,54,109,0,50,245,4,3,19,0,0,1,3,0,2,11,2,0,39,1,1,6,0,0,0,7,97,0,0,0,110,0,1,0,0,53,0,0,61,0,0,0,123,3,2,94,9,53,8,0,3,24,1,0,12,0,0,25,6,5,15,0,101,4,0,0,0,0,0,0,37,0,1,0,0,1,0,1,0,0,10,20,11,11,0,0,21,328,36,72,0,30,3,22,0,0,0,12,1,72,0,6,100,74,1,12,55,0,369,46,48,151,53,9,0,2,1,17,138,16,0,0,0,7,0,131,0,230,358,1,10,80,1,0,184,3,1,0,15,5,4,38
315,0,1807,161,16,486,15,13,0,2,420,51,0,7,0,81,31,2,119,260,124,90,45,18,11,1351,142,4,60,222,608,88,29,0,654,184,79,72,6,0,9,128,6,12,85,27,427,234,269,0,122,887,2,9,511,0,41,119,48,34,70,171,8,0,142,0,18,84,5,4,4,2634,238,10,0,0,431,0,28,2,66,314,7,7,89,0,4,0,335,5,9,127,13,152,36,4,77,175,1,23,98,2,0,839,6,1,62,0,372,64,1,0,14,0,0,46,881,0,0,0,10,11,0,12,3,0,53,3,22,16,0,5,69,817,80,192,1,515,52,84,0,7,12,0,8,1110,0,28,9,226,0,137,202,9,713,186,85,11,616,73,5,516,21,28,221,353,0,0,0,4,0,401,26,672,222,4589,52,107,0,0,482,7,6,0,1076,166,3116,954
37,0,70,29,0,8,0,2,0,2,2,11,0,0,0,5,8,0,15,6,33,1,21,2,9,70,16,0,9,58,7,18,17,0,145,31,1,12,0,0,0,21,1,3,2,1,90,25,77,0,39,129,0,5,4,0,2,4,0,1,0,2,0,0,53,0,9,19,1,0,0,9,57,4,0,0,92,0,6,0,0,49,4,0,11,0,1,0,60,1,3,14,1,6,5,0,5,28,0,6,15,0,0,58,0,0,13,0,30,11,0,0,2,0,0,1,258,0,0,0,1,0,0,3,0,0,9,3,3,3,0,1,13,54,21,27,0,20,9,2,0,1,1,8,0,40,0,5,1,33,1,23,41,0,143,48,13,2,40,28,1,4,0,9,25,81,0,0,0,0,0,57,5,181,40,4,4,6,0,0,125,0,2,3,24,2,4,11
1329,0,22228,933,47,2472,46,91,0,4,179,400,0,22,1,319,198,31,667,819,797,53,326,66,29,25373,840,11,317,1270,190,739,86,0,4926,1185,524,477,50,4,22,920,25,87,444,92,3496,812,2292,0,989,6121,9,52,2548,0,130,432,61,381,82,908,19,0,1241,1,48,154,42,34,43,754,1993,115,0,0,4187,0,87,1,101,2560,9,35,533,6,16,0,2611,16,37,988,76,719,230,22,247,882,2,95,947,6,2,4953,19,33,605,0,1309,996,0,0,27,0,0,483,10058,0,4,0,46,8,0,27,1,1,174,66,202,73,0,8,269,5492,446,1188,5,3223,163,211,3,10,72,1110,40,0,2,181,51,1503,3,651,1539,28,6916,1175,527,61,1737,202,5,107,24,221,1074,4466,0,0,1,27,0,4443,233,6385,1840,595,245,643,0,0,4700,42,106,11,5734,807,760,463
2,0,2,5,0,0,0,0,0,0,0,2,0,0,0,1,6,0,0,0,2,0,2,0,0,4,1,0,3,8,0,3,1,0,11,3,0,10,0,0,0,2,0,0,0,0,6,1,3,0,4,12,0,0,1,0,0,0,0,0,0,0,0,0,1,0,0,0,0,0,0,0,9,0,0,0,9,0,0,1,0,4,0,0,0,0,0,0,9,0,0,0,0,0,2,0,1,4,0,0,4,0,0,4,0,1,1,0,1,0,0,0,0,0,0,0,13,0,0,0,0,0,0,0,1,0,0,0,1,1,0,0,3,1,2,2,0,1,0,0,0,0,0,0,0,2,0,8,0,2,0,2,8,0,11,2,7,0,5,2,0,0,0,0,2,8,0,0,0,0,0,4,0,6,1,0,0,1,0,0,6,0,0,0,0,0,0,1
315,0,237,655,31,35,0,2,0,0,12,109,0,0,1,59,213,6,168,8,198,5,101,8,15,256,152,10,877,818,9,538,51,0,1825,262,8,1563,25,1,9,207,4,0,32,11,1323,150,294,0,470,1307,31,139,34,0,0,6,2,7,2,12,0,0,230,0,22,35,25,2,2,39,1147,52,0,0,591,0,40,1,7,334,4,1,47,0,3,0,787,2,16,58,6,43,182,11,42,433,4,31,815,2,1,171,0,21,322,0,210,40,0,0,2,0,0,9,1367,0,1,0,14,1,0,10,3,1,61,3,388,53,0,4,538,379,259,186,3,35,49,9,0,0,6,28,5,181,8,0,44,210,3,143,919,3,1210,267,659,9,277,95,2,5,1,16,232,701,1,0,0,6,0,462,26,954,249,19,45,134,0,0,1282,5,16,5,56,14,20,50
43,0,75,77,4,18,1,1,0,0,7,35,0,2,0,56,48,47,20,7,32,5,25,7,1,105,51,8,45,135,6,120,8,0,486,126,2,123,37,0,0,56,10,10,24,2,292,62,89,0,111,348,14,21,24,0,0,3,0,0,1,7,2,0,64,2,0,12,42,1,0,20,269,5,0,0,142,0,15,3,2,89,2,0,49,0,1,0,233,1,2,77,10,50,69,2,12,71,5,3,90,2,0,33,4,9,94,0,103,16,0,0,0,0,0,3,243,0,2,0,3,0,0,2,5,0,11,14,54,25,0,1,82,211,56,73,0,14,5,13,1,0,100,9,1,51,0,44,0,83,0,24,184,1,423,50,302,247,80,17,0,1,2,17,153,110,0,0,0,4,0,182,3,260,258,7,15,152,0,0,356,2,5,0,28,2,10,53
1157,0,2082,1182,62,251,1,17,0,7,90,340,0,1,0,490,256,31,541,86,711,24,265,101,46,2105,661,36,347,1323,57,911,115,0,7368,1351,33,518,53,1,39,606,25,129,183,38,4720,901,2987,0,1409,6642,15,52,382,0,20,37,11,70,10,77,5,0,1246,1,75,171,34,1,6,245,2301,99,0,0,5083,0,58,5,48,1294,13,7,937,1,10,0,2741,18,34,681,54,592,221,21,223,990,6,88,1061,15,2,1182,15,48,628,0,1073,325,0,3,3,0,0,37,16146,0,3,0,40,1,0,50,14,0,177,150,162,74,0,14,398,3284,487,1007,4,260,196,115,1,2,74,226,33,1503,2,210,83,0,5,870,1572,7,9037,2100,635,73,1585,264,8,25,5,266,1382,2511,0,0,1,17,0,4979,173,9367,2046,123,381,810,0,0,5428,27,113,16,538,87,172,338
1,0,3,2,0,0,0,0,0,0,0,0,0,0,0,2,3,0,0,0,0,0,0,0,0,0,1,0,4,4,0,1,2,0,11,2,0,3,1,0,0,0,0,0,0,1,7,2,6,0,1,5,0,1,0,0,0,0,0,0,0,0,0,0,3,0,0,0,0,0,0,0,3,0,0,0,4,0,0,0,0,1,0,0,0,0,0,0,4,0,2,0,0,1,0,0,1,3,0,0,3,0,0,2,0,5,3,0,0,1,0,0,0,0,0,0,9,0,0,0,0,0,0,0,0,0,2,1,1,2,0,0,4,4,2,1,0,0,1,0,0,0,1,0,1,3,0,3,0,5,0,2,12,0,9,1,3,0,2,2,0,0,0,0,2,1,0,0,0,0,0,3,0,5,1,0,0,0,0,0,5,0,0,0,0,0,0,1
864,0,910,1011,61,126,2,7,0,3,45,152,0,2,0,214,96,2,337,42,958,11,335,29,60,837,262,13,211,1278,42,327,98,0,3651,568,22,261,24,2,27,354,7,15,94,25,2243,541,1306,0,650,3766,2,49,126,0,13,14,5,46,9,32,4,0,820,0,74,117,10,3,4,138,1136,74,0,1,1663,0,52,4,27,835,28,10,347,1,12,0,1734,10,28,321,24,248,125,17,129,576,4,144,598,6,0,830,0,28,287,0,623,211,0,1,2,0,1,32,4122,0,0,0,23,3,0,57,9,0,128,16,98,51,0,2,221,1381,489,609,11,132,177,24,0,0,12,137,23,651,2,143,24,870,2,0,742,3,2911,958,339,12,1122,203,7,25,0,101,639,1477,0,0,0,1,0,1499,122,3892,792,82,194,383,0,0,2763,21,49,13,300,47,87,130
1510,0,1879,1910,66,204,1,21,0,7,51,378,0,3,1,296,558,28,558,57,1021,14,459,53,72,1897,616,47,897,3170,48,2769,245,0,9928,1337,49,1663,67,1,36,709,28,14,152,62,8004,676,1775,0,2455,8618,76,274,298,0,20,31,4,53,9,79,3,0,1382,3,95,131,105,2,4,216,6112,203,0,2,3461,0,110,9,26,1593,24,5,346,0,11,0,4105,4,98,393,36,340,676,32,212,1583,24,94,3195,2,3,1263,7,333,1732,0,1061,401,2,10,9,0,0,60,12015,0,2,0,39,2,0,51,33,4,397,42,839,180,2,4,1014,2703,1021,868,9,233,215,51,1,2,55,202,41,1539,8,919,184,1572,12,742,0,12,9144,1569,1351,58,1309,633,9,14,6,127,1195,6229,2,0,2,18,0,4552,157,6058,1591,141,263,517,0,0,8738,31,73,25,463,67,149,164
6,0,45,8,2,9,0,2,0,0,3,3,0,0,0,3,10,1,5,2,6,0,2,0,0,58,5,1,3,5,1,8,0,0,29,7,14,8,2,0,0,8,0,0,4,1,25,4,28,0,7,31,0,1,9,0,1,4,0,5,0,3,1,0,6,0,1,1,0,0,0,4,11,2,0,0,24,0,3,1,0,38,0,0,7,0,0,0,23,0,0,6,1,3,1,1,3,6,0,1,10,0,0,23,0,1,1,0,5,6,0,0,0,0,0,2,27,0,0,0,8,0,0,0,0,0,4,1,1,1,0,0,6,15,6,9,0,29,2,4,0,0,0,9,0,28,0,3,1,7,0,3,12,0,26,8,6,1,17,2,0,0,0,2,10,10,0,0,0,1,0,21,6,39,11,2,3,8,0,0,21,3,0,0,14,1,11,4
6211,0,8803,6189,284,718,13,55,0,19,267,1512,0,10,6,2045,854,137,2293,215,4688,112,2471,352,213,8639,2923,97,1944,7573,171,4958,447,0,43923,5828,187,2524,179,6,112,3003,85,308,594,187,30297,4054,8801,0,7097,38525,56,276,1293,0,65,109,20,256,24,327,9,0,7208,9,258,511,165,22,19,855,15064,584,0,4,20099,0,253,24,131,6131,67,31,2833,3,36,0,14846,67,167,2897,235,1808,1011,100,979,4615,34,330,5932,42,7,4506,70,169,3462,0,5687,1745,1,7,27,0,1,221,60387,0,14,1,159,5,0,228,45,2,750,666,857,344,3,13,1597,12554,2981,4729,53,1003,696,441,5,6,369,713,143,6916,11,1210,423,9037,9,2911,9144,26,0,1409,2865,398,6559,942,17,74,13,823,6560,37717,1,0,7,70,0,29957,983,42743,13298,418,1074,3206,1,0,39330,163,609,77,1829,382,511,1057
1340,0,1729,1409,66,172,1,12,0,5,49,287,0,4,2,386,187,19,607,52,1200,18,848,88,97,1595,576,31,368,1565,43,802,93,0,7763,1125,31,509,30,1,24,580,14,37,99,28,5060,893,2046,0,1356,7071,17,82,248,0,23,25,15,53,12,63,2,0,2098,1,100,142,21,3,7,208,2471,117,0,0,3256,0,51,4,30,1379,25,9,522,0,9,0,3117,7,37,524,47,404,217,33,214,1004,5,134,1100,15,5,1022,6,33,549,0,1079,282,0,0,5,0,1,42,9221,0,1,0,30,2,0,94,12,1,192,28,159,79,1,7,380,2371,653,928,20,266,284,99,0,1,46,186,48,1175,2,267,50,2100,1,958,1569,8,1409,0,600,56,1527,267,3,23,3,163,1165,3556,0,0,3,11,0,3196,191,8997,2049,104,440,605,0,0,6562,31,93,28,499,104,121,229
691,0,677,1439,57,77,1,3,0,5,35,214,0,2,1,253,363,40,320,33,465,18,233,33,20,672,329,30,729,1609,25,907,90,0,3821,868,20,1342,45,2,19,384,15,27,207,30,2500,438,752,0,758,2933,33,96,106,0,5,13,6,27,5,27,1,0,576,2,45,76,44,1,3,101,1931,69,0,1,1259,0,43,6,26,720,8,10,206,1,7,0,1833,6,37,267,16,170,337,11,124,713,7,43,1098,9,3,506,3,39,560,0,590,137,1,1,4,0,0,22,2937,0,4,1,29,3,0,30,16,0,127,26,336,140,0,6,1965,1389,432,448,5,85,97,36,0,1,48,85,13,527,7,659,302,635,3,339,1351,6,2865,600,0,68,756,188,4,3,2,60,996,1434,1,0,1,17,0,1248,72,2345,853,52,100,2350,0,0,2532,10,35,8,184,43,67,165
27,0,72,35,0,11,1,0,0,0,5,44,0,2,0,63,33,66,17,6,29,11,30,14,0,113,54,7,6,55,5,79,2,0,403,161,1,42,59,0,0,59,7,11,16,2,232,57,134,0,94,310,6,6,20,0,0,3,1,0,0,5,2,0,61,2,2,6,0,3,0,8,176,0,0,0,126,0,0,0,0,66,0,0,82,0,0,0,182,2,3,76,11,63,14,0,6,50,3,0,31,0,0,17,7,3,28,0,105,11,0,0,0,0,0,0,69,0,2,0,0,0,0,4,0,0,14,16,16,10,0,2,45,255,44,71,0,13,4,23,1,0,151,11,2,61,0,9,247,73,0,12,58,1,398,56,68,0,70,11,0,4,1,22,181,14,0,0,1,7,0,158,0,261,343,1,8,148,0,0,267,3,2,0,14,3,7,54
5409,0,2418,2373,230,327,4,25,0,12,210,677,0,4,4,763,198,22,1541,104,1162,69,526,61,73,1987,1481,30,511,1888,152,606,154,0,7401,1849,80,561,65,5,73,1737,23,54,238,37,4603,2830,1901,0,1113,10825,9,74,359,0,52,47,13,107,11,123,8,0,1193,0,95,145,19,5,7,648,2387,199,0,3,3487,0,233,3,108,4286,21,11,477,0,12,0,3925,16,46,818,65,521,301,73,1319,1879,3,159,1026,13,1,1650,51,24,456,0,4758,1079,2,4,11,0,3,70,7496,0,2,0,132,8,0,70,14,2,225,29,160,70,0,20,452,2701,792,2121,12,327,224,226,3,3,53,616,40,1737,5,277,80,1585,2,1122,1309,17,6559,1527,756,70,0,325,8,92,6,192,2847,3408,0,0,0,64,0,2898,253,6117,1633,379,257,1157,0,0,5444,56,89,16,648,153,450,756
255,0,329,329,24,43,2,4,0,108,30,77,0,3,0,69,73,5,133,16,241,8,100,9,13,337,114,12,97,583,42,216,2309,0,1163,296,12,161,16,1,6,155,9,7,53,68,701,150,352,0,266,971,6,32,73,0,7,11,2,8,11,20,3,0,264,0,64,170,10,0,1,69,441,26,0,4,527,0,37,1,8,361,39,1,69,0,3,0,569,4,541,93,8,84,75,8,48,301,2,21,252,7,10,288,1,25,130,0,185,49,1,3,5,0,10,10,1092,0,1,0,12,3,0,23,3,11,1038,3,77,35,7,136,188,397,344,216,9,63,100,20,1,1,9,73,28,202,2,95,17,264,2,203,633,2,942,267,188,11,325,0,55,11,2,27,237,535,2,0,0,11,0,448,33,916,343,49,59,140,0,0,712,3,15,1,94,16,47,95
11,0,7,6,2,2,0,0,0,6,2,1,0,0,0,2,1,2,1,0,11,1,1,0,0,5,4,0,1,13,2,9,23,0,25,5,1,2,1,0,0,2,0,0,0,3,10,4,12,0,5,20,1,3,0,0,0,0,0,0,1,1,0,0,2,0,3,15,1,0,0,2,13,0,0,0,13,0,1,0,0,6,16,0,3,0,0,0,14,0,9,2,1,2,1,0,0,4,0,0,7,0,0,5,0,0,6,0,6,2,0,1,0,0,4,0,15,0,0,0,1,0,0,1,0,0,14,0,0,0,0,4,5,12,5,9,1,0,5,0,0,0,0,5,1,5,0,2,0,8,0,7,9,0,17,3,4,0,8,55,0,0,0,1,3,9,0,0,0,0,0,4,1,21,4,2,4,2,0,0,13,1,0,0,4,0,2,5
30,0,240,24,2,51,0,4,0,3,37,4,0,3,0,8,3,2,6,25,18,35,8,4,0,173,10,0,3,20,115,5,3,0,64,19,6,9,0,0,0,14,3,1,9,0,45,25,49,0,17,111,1,2,62,0,4,14,12,4,15,22,2,0,13,0,9,23,1,1,1,238,25,0,0,0,56,0,3,0,6,33,1,1,11,0,0,0,55,2,1,14,2,26,5,0,8,16,0,5,12,0,1,110,1,0,5,0,39,15,1,0,5,0,0,4,92,0,1,0,2,4,0,2,0,0,5,0,1,3,0,0,3,102,11,22,2,84,15,15,0,4,2,516,4,107,0,5,1,25,0,25,14,0,74,23,3,4,92,11,0,0,7,10,24,33,0,0,0,0,0,31,4,71,42,165,6,11,0,0,44,0,2,0,154,27,233,155
4,0,33,3,0,15,5,3,0,0,2,5,0,5,0,2,2,1,4,6,2,1,2,0,0,30,5,1,0,5,6,2,1,0,15,6,0,1,1,0,0,4,0,1,0,0,12,5,5,0,3,19,0,0,18,0,0,3,2,1,0,6,1,0,3,0,0,1,0,0,1,15,5,0,0,0,7,0,0,0,0,6,0,0,3,0,0,0,7,0,0,2,0,3,0,0,1,3,0,0,4,1,0,9,0,0,1,0,7,0,0,0,10,0,0,0,14,0,0,0,0,1,0,0,0,0,1,0,0,0,0,0,0,12,2,6,0,8,2,2,0,1,1,21,0,24,0,1,2,5,0,0,6,0,13,3,2,1,6,2,0,7,0,0,4,3,0,0,0,1,0,10,0,14,11,7,2,0,0,0,15,0,0,0,14,1,10,6
120,0,253,95,6,42,1,3,0,0,11,41,0,1,1,142,21,6,40,17,79,55,97,39,12,311,52,4,29,98,9,64,15,0,685,295,1,32,22,0,4,99,13,149,17,3,330,170,463,0,97,713,0,7,67,0,4,4,0,9,1,15,0,0,226,1,20,46,2,1,0,37,186,10,0,0,573,0,9,2,5,172,2,0,439,0,0,0,397,11,5,186,26,140,16,4,34,94,1,9,66,2,0,144,5,6,45,0,309,74,0,0,4,0,0,7,918,0,0,0,3,0,0,23,2,0,26,11,19,7,1,0,38,476,52,173,0,49,49,27,0,3,17,28,9,221,0,16,17,266,0,101,127,2,823,163,60,22,192,27,1,10,0,0,285,288,0,1,0,2,0,363,21,849,615,14,20,163,0,0,474,3,6,4,84,18,19,117
2296,0,1282,1381,92,183,4,9,0,9,110,692,0,6,1,682,211,35,745,85,784,97,404,95,51,1544,1003,31,290,1253,76,721,112,0,6148,2466,29,480,56,3,69,1132,36,98,181,40,4212,1608,1686,0,1435,10319,17,53,276,0,20,26,4,70,8,83,3,0,1056,3,60,120,34,2,3,311,2210,149,0,1,2345,0,63,5,46,1680,9,7,732,1,4,0,3304,26,44,828,62,549,159,56,716,1321,8,58,786,20,1,732,33,42,435,0,3359,233,0,3,6,0,1,31,5581,0,4,1,73,2,0,47,13,1,182,97,147,47,1,14,447,3690,699,1693,7,206,131,299,1,1,138,221,25,1074,2,232,153,1382,2,639,1195,10,6560,1165,996,181,2847,237,3,24,4,285,0,2416,3,0,1,45,0,2887,102,4526,2706,126,175,1254,0,0,5289,56,39,14,350,66,184,686
3587,0,5765,3802,174,368,2,48,0,8,120,465,0,1,4,469,433,8,1408,98,1722,12,262,38,46,5380,1471,17,1279,4449,90,3169,261,0,25639,2554,162,1630,102,1,19,1390,19,16,436,100,17670,1654,4378,0,3517,21828,9,136,645,0,59,45,11,132,12,144,3,0,1401,0,99,215,105,11,8,462,8863,384,0,2,17439,0,158,3,88,3425,14,19,633,4,16,0,8648,9,83,1006,35,633,603,69,444,2900,9,144,3836,5,6,3043,4,90,2349,0,2271,1100,1,5,14,0,0,126,63357,0,2,1,101,1,0,47,14,3,477,101,538,186,0,12,837,6337,1489,2229,8,510,300,114,0,0,16,353,81,4466,8,701,110,2511,1,1477,6229,10,37717,3556,1434,14,3408,535,9,33,3,288,2416,0,1,0,3,3,0,22652,664,25331,1681,253,574,1506,1,0,19690,73,518,14,1123,203,308,342
1,0,0,1,0,0,0,0,0,1,0,1,0,0,0,0,0,0,1,0,1,1,0,0,0,1,0,0,0,1,0,0,0,0,3,3,0,0,0,0,0,1,0,0,0,0,1,0,0,0,1,2,1,0,0,0,0,0,0,0,0,0,0,0,1,0,0,0,0,0,0,0,1,0,0,0,0,0,2,0,0,2,2,0,0,0,0,0,1,0,1,0,0,1,0,0,1,2,0,0,0,0,0,1,0,0,0,0,1,0,0,0,0,0,0,0,0,0,0,0,0,0,0,0,0,3,0,0,1,0,0,0,0,0,0,3,0,0,0,0,0,0,0,0,0,0,0,1,0,0,0,0,2,0,1,0,1,0,0,2,0,0,0,0,3,1,0,0,0,1,0,0,0,1,1,0,1,1,0,0,2,0,0,0,0,0,0,1
0,0,0,0,0,0,0,0,0,0,0,0,0,0,0,0,0,0,0,0,0,0,0,0,0,0,0,0,0,0,0,0,0,0,0,1,0,0,0,0,0,0,0,0,0,0,0,0,0,0,0,0,0,0,0,0,0,0,0,0,0,0,0,0,0,0,0,0,0,0,0,0,0,0,0,0,0,0,0,0,0,0,0,0,0,0,0,0,0,0,0,0,0,0,0,0,0,0,0,0,0,0,0,0,0,0,0,0,0,0,0,0,0,0,0,0,0,0,0,0,0,0,0,0,0,0,0,0,0,0,0,0,0,0,0,0,0,0,0,0,0,0,0,0,0,0,0,0,0,0,0,0,0,0,0,0,0,0,0,0,0,0,0,1,0,0,0,0,0,0,0,0,0,0,0,0,0,1,0,0,0,0,0,0,0,0,0,0
1,0,0,1,0,0,0,0,0,0,0,2,0,0,0,0,1,0,0,0,1,0,0,1,0,1,3,0,0,2,0,0,0,0,1,1,0,0,0,0,0,0,0,0,0,0,0,1,1,0,3,9,0,0,0,0,0,0,0,0,0,0,0,0,5,0,0,0,0,0,0,0,4,0,0,0,1,0,0,0,0,3,0,0,1,0,0,0,2,0,0,1,0,0,0,0,0,0,0,0,0,0,0,0,0,0,0,0,3,0,0,0,0,0,0,0,6,0,0,0,0,0,0,0,0,0,0,1,0,1,0,0,0,3,0,4,0,0,0,0,0,0,0,0,0,1,0,0,0,1,0,0,2,0,7,3,1,1,0,0,0,0,0,0,1,3,0,0,0,0,0,6,0,6,2,0,0,1,0,0,0,0,1,0,1,0,0,0
31,0,16,13,0,5,1,0,0,1,6,164,0,0,0,22,25,2,129,2,17,3,3,6,0,61,154,1,1,20,4,31,4,0,72,76,1,13,1,1,2,161,2,4,3,3,52,50,35,0,27,119,1,0,7,0,0,0,1,1,1,3,0,0,12,0,3,4,0,0,0,5,52,0,0,0,33,0,0,0,0,171,0,0,12,0,0,0,36,1,1,17,1,11,2,2,16,55,0,0,14,0,0,4,80,1,10,0,44,1,0,0,0,0,0,0,30,0,1,0,0,0,0,0,0,0,1,1,6,1,0,1,6,44,21,85,0,7,1,30,0,0,7,4,0,27,0,6,4,17,0,1,18,1,70,11,17,7,64,11,0,0,1,2,45,3,1,0,0,0,0,24,0,39,57,0,1,24,0,0,71,2,0,0,7,3,3,27
0,0,0,0,0,0,0,0,0,0,0,0,0,0,0,0,0,0,0,0,0,0,0,0,0,0,0,0,0,0,1,0,0,0,0,0,0,0,0,0,0,0,0,0,0,0,0,0,0,0,0,0,0,0,0,0,0,0,0,0,0,0,0,0,0,0,0,0,0,0,0,0,0,0,0,0,0,0,0,0,0,0,0,0,0,0,0,0,0,0,0,0,0,0,0,0,0,0,0,0,0,0,0,0,0,0,0,0,0,0,0,0,0,0,0,0,0,0,0,0,0,0,0,0,0,0,0,0,0,0,0,0,0,0,0,0,0,0,0,0,0,0,0,0,0,0,0,0,0,0,0,0,0,0,0,0,0,0,0,0,0,0,0,0,0,0,0,0,0,0,0,0,0,0,0,0,0,0,0,0,0,0,0,0,0,0,0,0
2640,0,5246,2547,112,412,7,45,0,9,167,665,0,6,5,834,409,48,1058,106,1722,55,992,199,116,5212,1387,46,739,3050,99,2449,186,0,18119,2782,138,1135,67,5,42,1374,43,152,428,88,13287,1803,4272,0,3254,17416,19,109,766,0,39,47,19,164,15,211,7,0,3825,5,111,214,72,7,9,495,6513,243,0,1,10901,0,145,10,64,3260,17,13,1403,1,23,0,6169,18,54,1866,117,1290,468,46,424,2009,16,241,2512,15,4,2840,19,86,1668,0,2452,1005,1,7,18,0,2,124,35309,0,8,1,60,2,0,62,16,1,333,306,402,147,2,8,673,7021,1222,2321,13,585,386,224,1,2,131,401,57,4443,4,462,182,4979,3,1499,4552,21,29957,3196,1248,158,2898,448,4,31,10,363,2887,22652,0,0,6,24,0,0,620,3456,6756,222,710,1630,0,0,16151,80,307,31,1122,206,288,486
172,0,353,231,15,24,1,5,0,0,7,12,0,0,2,19,12,0,69,7,131,0,71,6,9,294,54,0,80,231,8,46,19,0,878,103,31,60,8,1,0,70,0,0,126,11,586,115,292,0,124,797,0,8,19,0,6,2,2,26,1,8,0,0,184,0,7,14,0,0,0,18,237,17,0,0,658,0,18,0,21,227,0,0,41,0,5,0,454,0,6,119,6,104,26,3,22,154,0,71,152,0,1,242,0,0,38,0,121,102,0,0,1,0,0,15,1081,0,0,0,4,0,0,4,0,0,44,1,21,8,0,2,49,274,89,108,1,41,33,3,0,0,0,26,5,233,0,26,3,173,0,122,157,6,983,191,72,0,253,33,1,4,0,21,102,664,0,0,0,0,0,620,0,1405,132,18,44,102,0,0,632,6,20,4,82,19,39,27
4789,0,8166,5148,253,774,11,54,0,16,242,1081,0,12,10,1519,683,95,2187,223,3285,84,3196,468,323,8158,2071,138,1552,5863,185,2936,430,0,28838,4301,269,1910,172,8,127,2505,96,273,557,162,19416,3456,10618,0,4440,28598,47,251,1098,0,77,128,26,369,29,299,9,0,8347,4,311,509,92,11,19,683,9606,461,0,1,20235,0,210,25,141,6791,46,39,2967,1,69,0,12324,58,161,3015,269,1840,812,95,643,3606,26,587,4212,51,11,4773,30,147,2308,0,3909,1579,4,3,18,0,1,244,46096,0,7,1,138,7,0,325,41,3,701,330,617,300,4,19,1376,11082,2177,3747,34,1013,1046,321,4,4,230,672,181,6385,6,954,260,9367,5,3892,6058,39,42743,8997,2345,261,6117,916,21,71,14,849,4526,25331,1,0,6,39,0,3456,1405,0,13129,383,1437,2672,0,0,23300,123,601,109,1821,372,452,917
1110,0,2429,1168,38,284,5,17,0,13,118,648,0,5,0,1153,397,137,490,132,821,106,301,192,31,3028,930,65,311,1371,115,1145,153,0,8791,2272,54,668,88,1,69,969,65,350,183,74,5519,1259,4968,0,2001,8347,53,42,670,0,14,48,9,120,7,140,9,0,1095,6,90,236,19,9,7,270,3034,86,0,0,6496,0,47,8,29,1744,13,7,1492,0,10,0,3410,35,44,1469,140,802,203,23,210,1070,33,62,955,28,1,1006,55,61,624,0,1743,240,0,2,9,0,1,28,13506,0,16,1,22,6,0,69,44,0,206,381,226,124,1,12,510,5640,829,1537,7,436,188,299,2,6,358,222,40,1840,1,249,258,2046,1,792,1591,11,13298,2049,853,343,1633,343,4,42,11,615,2706,1681,1,0,2,57,0,6756,132,13129,0,89,370,1418,0,0,6847,24,143,26,495,102,160,604
204,0,971,116,15,230,3,12,0,1,327,31,0,4,0,42,14,0,67,116,62,20,21,0,6,684,78,1,40,140,281,52,19,0,421,81,59,37,4,0,8,62,1,2,65,8,251,153,161,0,62,529,1,6,282,0,35,64,15,25,42,71,6,0,59,0,14,52,4,2,3,1862,136,6,0,0,240,0,22,2,55,166,3,7,36,0,4,0,196,3,9,82,8,82,24,4,49,115,2,12,61,6,0,473,0,0,41,0,226,34,1,0,9,0,0,45,571,0,0,0,8,3,0,7,6,0,37,2,18,4,0,2,43,455,37,98,0,222,17,25,1,0,1,4589,4,595,0,19,7,123,0,82,141,2,418,104,52,1,379,49,2,165,7,14,126,253,0,0,0,0,0,222,18,383,89,0,30,70,0,0,277,3,3,0,556,74,2129,708
187,0,382,199,15,34,1,6,0,5,18,51,0,1,0,55,32,4,86,16,193,4,129,15,17,352,106,10,52,262,31,139,23,0,1008,189,5,77,9,1,8,104,9,13,43,5,600,108,402,0,238,878,2,10,57,0,4,7,5,16,5,21,1,0,319,1,27,46,6,3,3,56,350,19,0,0,614,0,16,0,8,268,6,3,73,0,6,0,478,1,13,93,9,81,41,2,48,178,4,22,170,2,3,232,1,12,102,0,182,62,0,0,5,0,0,7,1309,0,1,0,8,1,0,23,1,0,37,10,33,16,0,2,66,424,122,127,1,50,53,22,1,1,10,52,4,245,0,45,15,381,0,194,263,3,1074,440,100,8,257,59,4,6,2,20,175,574,1,0,0,1,0,710,44,1437,370,30,0,124,0,0,771,5,14,3,114,23,31,47
853,0,752,1159,156,107,1,3,0,1,54,262,0,1,1,421,104,34,431,36,405,55,238,53,28,948,490,15,247,904,42,284,57,0,3135,1751,37,328,51,2,23,498,22,52,241,13,1816,798,815,0,506,3367,12,31,232,0,16,16,3,44,4,42,6,0,610,0,37,60,12,0,0,129,940,76,0,2,1490,0,72,6,48,935,6,4,352,0,7,0,1645,11,23,1029,65,413,147,35,153,659,5,46,407,39,0,532,20,19,213,0,1082,138,0,0,3,0,0,24,2548,0,0,2,45,0,0,31,8,1,105,32,89,127,2,5,326,2122,285,852,5,114,103,81,2,0,80,107,6,643,1,134,152,810,0,383,517,8,3206,605,2350,148,1157,140,2,11,0,163,1254,1506,1,1,1,24,0,1630,102,2672,1418,70,124,0,1,0,2168,13,59,10,206,54,110,362
0,0,0,0,0,0,0,0,0,0,0,1,0,0,0,0,0,0,0,0,0,0,0,0,0,0,1,0,0,0,0,0,0,0,1,0,0,1,0,0,0,0,0,0,0,0,0,0,0,0,0,0,0,0,0,0,0,0,0,0,0,0,0,0,0,0,0,0,0,0,0,0,0,0,0,0,0,0,0,0,0,0,0,0,0,0,0,0,0,0,0,0,0,1,0,0,0,0,0,0,0,0,0,0,0,1,0,0,0,0,0,0,0,0,0,0,1,0,0,0,0,0,0,0,0,0,0,0,0,0,0,0,0,2,0,1,0,0,0,0,0,0,1,0,0,0,0,0,0,0,0,0,0,0,1,0,0,0,0,0,0,0,0,0,0,1,0,0,0,0,0,0,0,0,0,0,0,1,0,0,0,0,0,0,0,0,0,0
0,0,0,0,0,0,0,0,0,0,0,0,0,0,0,0,0,0,0,0,0,0,0,0,0,0,0,0,0,0,0,0,0,0,0,0,0,0,0,0,0,0,0,0,0,0,0,0,0,0,0,0,0,0,0,0,0,0,0,0,0,0,0,0,0,0,0,0,0,0,0,0,0,0,0,0,0,0,0,0,0,0,0,0,0,0,0,0,0,0,0,0,0,0,0,0,0,0,0,0,0,0,0,0,0,0,0,0,0,0,0,0,0,0,0,0,0,0,0,0,0,0,0,0,0,0,0,0,0,0,0,0,0,0,0,0,0,0,0,0,0,0,0,0,0,0,0,0,0,0,0,0,0,0,0,0,0,0,0,0,0,0,0,0,0,0,0,0,0,0,0,0,0,0,0,0,0,0,0,0,0,0,0,0,0,0,0,0
5668,0,5915,6215,226,535,7,47,0,16,167,1523,0,7,3,1604,829,79,2123,145,2901,79,1639,170,192,5647,2408,86,1778,6403,141,4999,363,0,56131,5029,119,2405,161,7,91,2737,46,114,435,118,45078,3577,6130,0,10351,39995,66,311,853,0,64,67,14,126,21,231,15,0,4776,6,234,439,147,12,14,605,18068,545,0,4,12136,0,324,13,93,5227,34,18,1323,1,25,0,13637,37,136,1690,136,1155,1026,113,911,4447,27,253,6032,30,6,3338,34,157,3331,0,4662,1089,1,9,16,0,2,162,40830,0,10,0,120,1,0,172,36,6,531,275,862,235,3,23,1438,7723,3336,4035,31,643,627,327,2,3,184,482,125,4700,6,1282,356,5428,5,2763,8738,21,39330,6562,2532,267,5444,712,13,44,15,474,5289,19690,2,0,0,71,0,16151,632,23300,6847,277,771,2168,0,0,0,133,290,57,1420,275,364,656
68,0,51,23,3,6,0,1,0,2,1,20,0,0,6,17,3,0,30,2,15,3,9,3,2,41,39,0,6,35,0,21,1,0,152,93,3,19,2,0,0,49,0,1,4,0,97,83,38,0,22,210,0,0,14,0,0,1,1,4,1,7,0,0,23,0,0,1,2,0,0,8,61,9,0,0,65,0,6,0,3,61,0,0,9,0,0,0,66,1,0,26,4,20,7,1,8,32,0,4,21,0,0,33,1,0,14,0,66,8,0,1,0,0,0,4,202,0,0,0,9,0,0,1,0,0,4,2,6,1,0,0,8,65,8,58,1,10,3,7,0,0,3,7,0,42,0,5,2,27,0,21,31,3,163,31,10,3,56,3,1,0,0,3,56,73,0,0,0,2,0,80,6,123,24,3,5,13,0,0,133,0,1,1,15,6,6,16
92,0,136,90,12,11,0,1,0,1,3,13,0,0,0,12,7,1,53,0,31,1,25,1,3,120,40,1,40,91,2,33,7,0,440,45,8,32,2,1,3,40,0,2,20,4,252,54,137,0,54,370,0,3,22,0,3,1,1,10,1,1,0,0,94,0,1,4,1,1,0,15,131,4,0,0,442,0,6,0,3,94,0,0,28,0,1,0,186,0,2,32,1,12,5,2,12,72,1,3,55,2,0,67,0,2,22,0,61,14,0,1,0,0,0,3,782,0,1,0,5,1,0,0,1,0,6,5,2,2,0,0,15,103,31,69,0,14,7,5,1,0,1,6,2,106,0,16,5,113,0,49,73,0,609,93,35,2,89,15,0,2,0,6,39,518,0,0,1,0,0,307,20,601,143,3,14,59,0,0,290,1,0,1,18,5,15,14
9,0,19,21,1,1,0,1,0,0,1,3,0,0,0,4,4,0,3,0,8,0,12,1,2,18,4,0,6,20,0,6,1,0,70,11,0,7,0,0,0,5,1,1,1,1,42,12,42,0,26,73,0,2,4,0,1,1,0,0,1,0,0,0,32,0,2,0,0,0,0,2,37,3,0,0,64,0,1,0,2,11,0,0,6,0,1,0,29,0,0,5,0,7,1,0,2,7,0,0,14,0,0,10,0,1,5,0,11,5,0,0,0,0,0,0,212,0,0,0,0,0,0,0,0,0,1,0,3,2,0,0,4,29,10,12,0,1,3,1,0,0,0,0,3,11,0,5,0,16,0,13,25,0,77,28,8,0,16,1,0,0,0,4,14,14,0,0,0,0,0,31,4,109,26,0,3,10,0,0,57,1,1,0,8,1,1,2
481,0,11979,376,18,2587,32,91,0,5,94,98,0,15,0,89,58,6,205,529,276,19,134,20,23,8113,239,6,92,454,158,201,51,0,1675,345,140,136,16,1,9,243,13,19,114,85,1144,279,710,0,303,1962,1,20,1031,0,98,337,59,91,68,289,16,0,456,0,49,124,13,22,31,641,625,49,0,0,1295,0,39,1,56,756,8,22,162,0,5,0,884,5,20,290,22,231,87,10,72,274,2,56,294,1,0,2504,0,11,161,0,504,205,2,0,27,0,0,276,2963,0,0,1,16,19,0,19,3,0,76,10,53,25,0,4,112,1803,176,341,3,2826,122,49,1,12,15,1076,24,5734,0,56,28,538,0,300,463,14,1829,499,184,14,648,94,4,154,14,84,350,1123,0,0,1,7,0,1122,82,1821,495,556,114,206,0,0,1420,15,18,8,0,84,538,278
87,0,1770,81,4,305,10,10,0,0,20,23,0,6,1,16,8,1,36,64,67,7,38,14,3,1097,43,0,15,70,33,33,4,0,321,75,25,29,4,0,0,46,0,3,12,20,190,60,153,0,34,394,0,3,175,0,11,74,9,20,7,78,3,0,87,0,9,21,3,6,1,104,108,9,0,0,255,0,9,1,7,146,1,10,48,0,2,0,186,4,10,52,6,48,19,1,19,65,0,11,53,0,0,443,2,4,26,0,99,45,0,0,6,0,0,54,610,0,0,0,3,2,0,3,1,0,15,6,13,3,0,0,20,319,26,66,1,383,30,9,0,3,5,166,2,807,0,14,2,87,0,47,67,1,382,104,43,3,153,16,0,27,1,18,66,203,0,0,0,3,0,206,19,372,102,74,23,54,0,0,275,6,5,1,84,0,79,49
220,0,1055,122,21,211,7,11,0,1,264,55,0,3,0,52,36,2,92,123,97,49,36,16,9,1295,111,3,50,173,227,86,17,0,530,152,175,61,14,0,3,109,5,10,136,24,286,147,198,0,106,630,2,14,292,0,31,64,18,44,29,101,3,0,115,0,12,23,8,2,2,1277,203,13,0,0,314,0,38,1,83,256,4,7,64,0,3,0,241,3,6,126,8,111,38,6,57,185,0,23,106,3,0,578,3,1,57,0,241,64,1,0,4,0,0,38,664,0,0,0,14,3,0,6,1,0,30,15,36,14,1,0,47,515,59,144,0,336,28,126,0,3,4,3116,4,760,0,20,10,172,0,87,149,11,511,121,67,7,450,47,2,233,10,19,184,308,0,0,0,3,0,288,39,452,160,2129,31,110,0,0,364,6,15,1,538,79,0,648
450,0,629,236,31,158,0,7,0,6,136,179,0,5,0,219,77,6,179,71,144,238,86,37,11,700,254,8,40,236,137,143,70,0,929,578,23,112,13,0,25,301,16,26,214,16,510,461,432,0,232,1351,8,16,184,0,11,35,1,70,11,61,1,0,225,1,38,159,8,1,1,789,277,28,0,0,454,0,21,2,53,432,5,5,199,0,1,0,531,13,12,431,57,232,30,16,144,290,7,12,122,10,1,355,26,16,64,0,659,54,1,0,1,0,0,17,733,0,2,2,18,1,0,15,2,0,57,20,26,19,2,13,115,1142,123,354,1,156,69,236,1,2,38,954,11,463,1,50,53,338,1,130,164,4,1057,229,165,54,756,95,5,155,6,117,686,342,1,0,0,27,0,486,27,917,604,708,47,362,0,0,656,16,14,2,278,49,648,0
