Aloo Tikki,Alphabytes,Bacon,Bar,Batter,Beans,Bites,Breakfast Bar,Breakfast Mix,Capers (Kachra),Chapati,Cheesy Triangle,Chicken,Chicken & Cheese Nuggets,Chicken Breast,Chicken Meatballs,Chicken Sausage,Chicken Tikka,Coconut,Combo,Crispy Potato,Cup Noodles,Curry,Custard Powder,Dal Makhani,Dessert Mix,Domestic Pasta,Dosa Mix,Drink Mix,Energy Bar,Fingers,Fish,Flakes,Flavoured Instant Noodles,Flavoured Milk,French Fries,Fries,Fruit Cocktail,Gherkins,Green Peas,Hakka Noodles,Ham,Health Drink,Idli,Instant Mix,Instant Pasta,Jalapeno,Kabuli Chana,Kala Chana,Kebab,Khichdi Mix,Kimchi,Macaroni,Masala Mix,Mix,Mixed Vegetables,Momos,Mushroom,Naan,Noodles,Nori Sheet,Nugget,Nuggets,Nutrition Bar,Olives,Pani Puri,Parantha,Paratha,Parota,Pasta,Pasta Kit,Patty,Peppercorns,Pineapple,Pizza Pocket,Popcorn,Pops,Prawns,Protein Bar,RTE Wrap,Ragi Flour,Rajma,Raw Chicken,Ready to Eat,Rice Flour,Rice Masala,Rice Paper,Salami,Samosa,Sauce,Sausage,Smiles,Soup,Soya Chaap,Soyabeans,Spaghetti,Spice Mix,Spring Roll,Sweet Corn,Taco Kit,Taco Shells,Thepla,Tomatoes,Tortilla,Upma,Vada,Wedges
0,84,6,0,323,2,7,11,375,0,2,154,20,15,3,4,25,1,26,0,3,115,0,3,1,19,326,2,5,7,872,4,0,183,0,2436,56,1,0,481,19,7,0,30,105,413,0,0,0,225,0,0,292,2,18,70,216,0,5,1953,0,27,3158,36,19,7,89,10,2,89,0,1192,0,9,576,54,2,13,25,40,1,0,3,96,0,9,0,98,13,0,104,882,99,110,0,0,2,14,294,0,0,1,0,10,18,77,49
84,0,0,0,51,0,2,2,61,0,0,86,3,4,1,0,8,0,1,0,0,12,0,2,0,2,24,0,0,0,72,0,0,15,0,325,20,1,0,41,1,2,0,7,7,42,0,0,0,28,0,0,22,0,7,7,46,0,1,186,0,9,273,5,0,0,10,4,0,9,0,61,0,1,189,27,1,2,5,2,0,0,0,10,0,1,0,7,2,0,15,127,9,18,0,0,0,0,25,0,0,0,0,0,1,12,3
6,0,0,0,9,1,0,3,4,0,0,0,5,2,6,2,21,1,0,0,0,3,0,0,1,0,12,0,0,0,5,10,0,20,0,14,8,0,0,8,1,36,0,1,1,9,0,0,0,60,0,0,3,0,1,4,74,0,0,48,0,5,27,5,2,1,3,1,0,19,0,24,0,1,1,14,0,27,5,3,0,0,4,9,0,0,0,117,1,0,157,2,6,5,0,0,0,3,7,0,0,0,0,0,0,2,0
0,0,0,0,0,0,0,0,0,0,0,0,0,0,0,0,0,0,0,0,0,0,0,0,0,0,0,0,0,0,0,0,0,0,0,0,0,0,0,0,0,0,0,0,0,0,0,0,0,0,0,0,0,0,0,0,0,0,0,0,0,0,0,0,0,0,0,0,0,0,0,0,0,0,0,0,0,0,0,0,0,0,0,0,0,0,0,0,0,0,0,0,0,0,0,0,0,0,0,0,0,0,0,0,0,0,0
323,51,9,0,0,2,2,58,2537,0,65,47,13,14,5,2,72,1,737,5,0,448,0,4,4,150,882,50,18,66,140,5,0,653,2,664,27,11,0,2257,88,18,1,82,1337,881,0,0,0,216,0,0,650,5,64,123,350,0,5,6053,0,43,688,226,62,18,204,19,50,333,0,348,0,15,150,45,1,55,266,48,18,0,18,384,0,52,0,99,4,0,193,223,341,206,0,0,8,7,678,0,0,0,0,5,80,52,11
2,0,1,0,2,0,0,0,4,0,0,0,0,0,0,0,1,0,0,0,0,3,0,0,0,0,4,0,0,0,0,0,0,2,0,2,0,0,0,2,0,0,0,0,1,1,0,0,0,2,0,0,1,0,0,0,1,0,0,14,0,0,1,1,2,0,0,0,0,2,0,1,0,0,0,0,0,0,3,2,0,0,0,2,0,0,0,6,0,0,7,1,2,0,0,0,0,0,7,0,0,0,0,0,1,0,0
7,2,0,0,2,0,0,0,2,0,0,6,0,0,0,0,0,0,0,0,0,3,0,0,0,1,1,0,0,0,5,1,0,4,0,24,1,0,0,3,0,1,0,1,2,4,0,0,0,3,0,0,2,0,0,0,14,0,5,13,0,0,37,0,0,0,16,0,0,2,0,8,0,0,5,4,0,0,0,0,0,0,0,0,0,0,0,2,7,0,2,1,1,1,0,0,0,9,1,0,0,0,0,0,0,0,0
11,2,3,0,58,0,0,0,88,0,1,1,0,1,1,0,3,0,2,0,0,71,0,1,2,3,41,0,1,196,5,1,0,80,0,20,0,0,0,22,2,1,0,0,15,87,0,1,0,11,0,0,12,0,0,7,6,0,0,242,0,0,19,1905,4,0,7,2,0,20,0,11,0,1,8,1,0,4,878,8,0,0,0,23,0,1,0,16,1,0,16,2,20,2,0,0,0,0,18,0,0,0,0,0,6,2,1
375,61,4,0,2537,4,2,88,0,0,18,42,8,10,6,6,39,2,89,9,1,789,0,6,16,165,996,22,13,45,191,4,0,880,0,598,24,9,0,1066,55,9,1,63,2495,1883,0,10,4,137,1,0,1129,6,113,130,190,0,3,7326,0,18,689,289,25,26,129,19,19,278,0,295,0,7,211,45,0,28,236,46,15,5,6,2099,0,44,0,106,2,0,133,229,519,183,0,0,8,4,577,0,0,0,0,3,1358,40,12
0,0,0,0,0,0,0,0,0,0,0,0,0,0,0,0,0,0,0,0,0,0,0,0,0,0,0,0,0,0,0,0,0,0,0,0,0,0,0,0,0,0,0,0,0,0,0,0,0,0,0,0,0,0,0,0,0,0,0,0,0,0,0,0,0,0,0,0,0,0,0,0,0,0,0,0,0,0,0,0,0,0,0,0,0,0,0,0,0,0,0,0,0,0,0,0,0,0,0,0,0,0,0,0,0,0,0
2,0,0,0,65,0,0,1,18,0,0,0,0,0,0,0,1,0,2,0,0,2,0,0,0,0,4,0,0,0,0,0,0,5,0,2,0,0,0,6,1,0,0,0,5,4,0,0,0,0,0,0,1,0,0,0,2,0,0,28,0,0,6,3,0,0,8,0,21,1,0,1,0,0,2,0,0,0,3,0,0,0,0,22,0,1,0,0,0,0,2,1,4,0,0,0,0,0,3,0,0,0,0,0,0,0,0
154,86,0,0,47,0,6,1,42,0,0,0,6,9,0,0,6,0,1,0,0,14,0,1,0,4,22,0,1,2,191,2,0,36,0,368,30,0,0,59,1,3,0,2,14,61,0,0,0,81,0,0,24,0,0,4,123,0,0,204,0,9,500,7,3,0,17,5,0,5,0,91,0,3,510,37,2,5,2,6,0,0,1,16,0,1,0,19,4,0,17,102,15,22,0,0,0,7,51,0,0,0,0,1,7,27,9
20,3,5,0,13,0,0,0,8,0,0,6,0,13,15,4,25,6,3,0,0,11,0,0,0,0,8,0,0,2,37,7,0,15,0,49,39,0,0,15,0,4,0,0,3,15,0,0,0,214,0,0,2,0,1,2,85,0,2,70,0,24,106,4,1,0,4,4,0,2,0,53,0,0,20,34,0,14,3,7,0,0,3,11,0,1,0,56,1,0,64,11,3,2,0,0,1,2,8,0,0,0,0,1,0,1,1
15,4,2,0,14,0,0,1,10,0,0,9,13,0,1,1,27,0,1,0,0,20,0,0,0,2,13,0,0,0,54,3,0,23,0,94,23,0,0,20,1,9,0,0,1,25,0,1,0,79,0,0,7,0,0,3,56,0,0,74,0,19,178,2,1,0,4,1,0,8,0,44,0,0,40,64,0,5,2,2,0,0,4,8,0,1,0,25,0,0,40,34,8,1,0,0,0,1,11,0,0,0,0,0,1,1,3
3,1,6,0,5,0,0,1,6,0,0,0,15,1,0,4,8,3,0,0,0,5,0,0,0,0,8,0,0,1,3,5,0,8,0,12,8,0,0,3,0,4,0,1,0,3,0,0,0,38,0,0,0,0,0,2,33,0,0,22,0,8,24,0,1,0,0,1,0,5,0,17,0,1,7,3,0,8,1,8,0,0,2,2,0,0,0,35,0,0,32,0,2,0,0,0,0,0,3,0,0,0,0,0,1,0,0
4,0,2,0,2,0,0,0,6,0,0,0,4,1,4,0,2,0,0,0,0,1,0,0,0,0,10,0,0,0,4,2,0,4,0,3,7,0,0,3,2,3,0,0,0,3,0,0,0,36,0,0,1,0,0,1,14,0,0,10,0,2,29,2,0,0,0,1,0,5,0,8,0,0,4,8,0,2,0,0,0,0,1,4,0,0,0,17,0,0,19,2,1,2,0,0,0,0,5,0,0,0,0,1,1,0,0
25,8,21,0,72,1,0,3,39,0,1,6,25,27,8,2,0,1,7,0,0,33,0,0,0,0,44,0,0,1,36,3,0,76,0,84,40,0,0,63,7,49,0,1,6,53,0,1,0,175,0,0,25,0,1,4,95,0,1,244,0,42,172,16,6,0,16,0,1,29,0,121,0,0,12,58,0,23,20,9,0,0,4,45,0,1,0,282,1,0,417,23,17,7,0,0,1,6,27,0,0,0,0,0,1,0,1
1,0,1,0,1,0,0,0,2,0,0,0,6,0,3,0,1,0,0,0,0,0,0,0,0,0,0,0,0,0,3,1,0,0,0,7,2,0,0,5,0,1,0,0,1,0,0,0,0,23,0,0,1,0,0,0,8,0,0,6,0,0,4,0,0,0,0,0,0,1,0,9,0,0,0,4,0,1,0,0,0,0,1,5,0,0,0,8,1,0,4,0,0,2,0,0,1,0,6,0,0,0,0,0,0,1,0
26,1,0,0,737,0,0,2,89,0,2,1,3,1,0,0,7,0,0,1,0,27,0,0,0,11,24,0,2,0,20,1,0,34,0,32,3,1,0,327,7,2,0,9,51,28,0,0,1,13,0,0,15,0,4,53,14,0,3,185,0,0,43,5,7,1,24,2,1,15,0,22,0,7,8,5,0,15,11,1,0,0,1,15,0,3,0,10,0,0,11,16,8,22,0,0,5,0,99,0,0,0,0,0,2,5,1
0,0,0,0,5,0,0,0,9,0,0,0,0,0,0,0,0,0,1,0,0,4,0,0,0,2,9,0,0,1,0,0,0,12,0,1,0,0,0,4,7,1,0,0,5,4,0,0,0,1,0,0,2,0,2,1,4,0,0,41,0,0,2,2,0,0,2,0,0,8,1,2,0,0,1,0,0,2,2,1,0,0,1,10,0,1,0,1,0,0,2,2,3,0,0,0,0,1,7,0,0,0,0,0,1,1,0
3,0,0,0,0,0,0,0,1,0,0,0,0,0,0,0,0,0,0,0,0,0,0,0,0,0,0,0,0,0,1,0,0,0,0,2,0,0,0,1,0,0,0,0,0,1,0,0,0,0,0,0,0,0,0,0,0,0,0,0,0,0,9,0,0,0,0,0,0,0,0,1,0,0,0,0,0,0,0,0,0,0,0,0,0,0,0,0,0,0,0,0,0,0,0,0,0,0,0,0,0,0,0,0,0,0,0
115,12,3,0,448,3,3,71,789,0,2,14,11,20,5,1,33,0,27,4,0,0,0,0,3,38,351,4,1,54,101,4,0,2708,0,308,29,3,0,255,57,4,0,7,122,2655,0,0,1,80,0,0,249,1,15,25,240,0,3,6518,0,8,385,256,18,6,45,9,3,181,0,131,0,6,87,39,1,26,233,21,1,1,4,391,0,18,0,77,2,0,142,79,659,49,0,0,2,1,171,0,0,0,0,0,52,17,9
0,0,0,0,0,0,0,0,0,0,0,0,0,0,0,0,0,0,0,0,0,0,0,0,0,0,0,0,0,0,0,0,0,0,0,0,0,0,0,0,0,0,0,0,0,0,0,0,0,0,0,0,0,0,0,0,0,0,0,0,0,0,0,0,0,0,0,0,0,0,0,0,0,0,0,0,0,0,0,0,0,0,0,0,0,0,0,0,0,0,0,0,0,0,0,0,0,0,0,0,0,0,0,0,0,0,0
3,2,0,0,4,0,0,1,6,0,0,1,0,0,0,0,0,0,0,0,0,0,0,0,0,5,14,0,0,0,0,0,0,3,0,5,0,1,0,5,2,0,0,1,3,13,0,0,0,0,0,0,4,1,33,1,0,0,0,71,0,1,7,2,1,0,1,0,0,2,0,3,0,0,1,0,0,0,0,0,0,0,0,1,0,0,0,1,0,0,0,3,3,1,0,0,0,0,4,0,0,0,0,0,0,0,0
1,0,1,0,4,0,0,2,16,0,0,0,0,0,0,0,0,0,0,0,0,3,0,0,0,2,1,0,0,0,0,0,0,3,0,2,0,0,0,3,0,0,0,0,3,13,0,16,10,2,0,0,0,0,0,2,0,0,0,25,0,0,1,4,0,1,2,2,0,1,0,2,0,0,4,0,0,0,2,0,0,13,0,20,0,1,0,0,0,0,0,1,2,1,0,0,0,0,5,0,0,0,0,0,2,0,0
19,2,0,0,150,0,1,3,165,0,0,4,0,2,0,0,0,0,11,2,0,38,0,5,2,0,77,2,8,1,11,1,0,64,0,52,1,2,0,131,16,0,0,1,130,96,0,0,0,10,0,0,61,2,46,8,24,0,2,570,0,0,49,6,2,5,7,0,2,23,0,20,0,0,19,6,0,2,6,1,0,0,1,41,0,14,0,5,2,0,14,25,36,8,0,0,1,2,29,0,0,0,0,0,8,2,1
326,24,12,0,882,4,1,41,996,0,4,22,8,13,8,10,44,0,24,9,0,351,0,14,1,77,0,3,6,13,154,6,0,823,1,630,21,14,0,1005,213,15,1,11,242,2085,0,0,0,112,0,0,3542,2,39,82,165,0,3,9983,0,17,660,126,187,11,38,12,6,1304,1,279,0,14,138,48,1,43,107,37,2,1,9,123,0,60,0,113,3,0,196,215,380,157,0,0,1,3,915,0,0,0,0,1,41,10,7
2,0,0,0,50,0,0,0,22,0,0,0,0,0,0,0,0,0,0,0,0,4,0,0,0,2,3,0,0,0,1,0,0,3,0,1,1,0,0,8,0,0,0,1,15,2,0,0,0,1,0,0,1,0,1,0,2,0,0,23,0,0,0,3,0,0,0,0,0,2,0,0,0,0,0,0,0,0,1,0,5,0,0,0,0,0,0,1,0,0,2,0,7,0,0,0,0,0,5,0,0,0,0,0,0,0,0
5,0,0,0,18,0,0,1,13,0,0,1,0,0,0,0,0,0,2,0,0,1,0,0,0,8,6,0,0,0,1,0,0,2,1,3,0,0,0,9,2,0,1,0,14,2,0,0,0,1,0,0,3,0,2,0,3,0,0,28,0,0,6,2,0,0,2,0,0,0,0,1,0,0,0,0,0,0,2,0,0,0,0,4,0,0,0,0,1,0,1,2,5,0,0,0,0,0,6,0,0,0,0,0,3,0,0
7,0,0,0,66,0,0,196,45,0,0,2,2,0,1,0,1,0,0,1,0,54,0,0,0,1,13,0,0,0,9,2,0,46,0,12,1,0,0,39,2,2,1,1,17,36,0,0,0,7,0,0,12,0,0,3,12,0,0,192,0,0,15,817,7,0,2,1,0,20,0,7,0,4,1,2,0,3,1570,4,0,1,1,21,0,1,0,12,0,0,8,4,12,4,0,0,0,0,24,0,0,0,0,0,4,1,1
872,72,5,0,140,0,5,5,191,0,0,191,37,54,3,4,36,3,20,0,1,101,0,0,0,11,154,1,1,9,0,6,0,124,0,1947,78,5,0,304,10,5,0,11,60,228,0,0,0,286,0,0,121,0,8,38,268,0,1,1006,0,108,3834,23,13,4,46,2,1,50,0,550,0,6,799,193,0,7,27,9,0,0,4,45,0,10,0,87,11,0,129,945,60,59,0,0,1,12,161,0,0,0,0,1,12,46,54
4,0,10,0,5,0,1,1,4,0,0,2,7,3,5,2,3,1,1,0,0,4,0,0,0,1,6,0,0,2,6,0,0,6,0,9,5,0,0,7,1,6,0,1,0,1,0,0,0,25,0,0,4,0,0,1,27,0,0,22,0,4,15,2,1,0,2,1,0,3,0,25,0,0,1,7,0,36,4,2,0,0,3,3,0,0,0,22,0,0,24,3,5,3,0,0,1,0,5,0,0,0,0,0,1,2,1
0,0,0,0,0,0,0,0,0,0,0,0,0,0,0,0,0,0,0,0,0,0,0,0,0,0,0,0,0,0,0,0,0,0,0,0,0,0,0,1,1,0,0,0,0,0,0,0,0,0,0,0,0,0,0,0,0,0,0,0,0,0,0,0,0,0,0,0,0,0,0,0,0,0,0,0,0,0,0,0,0,0,0,0,0,0,0,0,0,0,0,0,0,0,0,0,0,0,0,0,0,0,0,0,0,0,0
183,15,20,0,653,2,4,80,880,0,5,36,15,23,8,4,76,0,34,12,0,2708,0,3,3,64,823,3,2,46,124,6,0,0,0,457,51,7,0,443,171,17,0,18,186,4804,0,4,5,165,0,0,580,1,25,62,462,0,3,13615,0,13,654,252,32,7,54,19,10,308,0,233,0,8,127,80,3,49,227,22,2,4,13,414,0,59,0,207,1,0,286,112,828,89,0,0,4,6,267,0,0,0,0,2,52,17,4
0,0,0,0,2,0,0,0,0,0,0,0,0,0,0,0,0,0,0,0,0,0,0,0,0,0,1,0,1,0,0,0,0,0,0,0,1,0,0,0,0,0,2,0,0,0,0,0,0,0,0,0,0,0,0,0,0,0,0,2,0,0,1,0,0,0,1,0,0,0,0,0,0,0,0,0,0,0,1,0,0,0,0,0,0,0,0,0,0,0,0,0,0,0,0,0,0,0,0,0,0,0,0,0,0,0,0
2436,325,14,0,664,2,24,20,598,0,2,368,49,94,12,3,84,7,32,1,2,308,0,5,2,52,630,1,3,12,1947,9,0,457,0,0,263,11,0,1066,75,22,0,35,171,868,0,2,1,527,0,0,503,5,27,99,734,0,11,3729,0,192,9306,58,41,9,137,17,2,195,0,1720,0,12,1805,347,1,27,65,45,2,0,4,168,0,29,0,192,30,0,295,3565,180,218,0,0,3,39,678,0,0,0,0,3,38,113,146
56,20,8,0,27,0,1,0,24,0,0,30,39,23,8,7,40,2,3,0,0,29,0,0,0,1,21,1,0,1,78,5,0,51,1,263,0,0,0,44,3,8,0,1,8,46,0,0,0,248,0,0,7,0,1,4,154,0,1,153,0,46,419,3,1,1,12,2,0,10,0,228,0,1,107,146,0,18,5,4,0,0,2,20,0,2,0,112,4,0,153,39,7,6,0,0,1,4,22,0,0,0,0,3,4,8,4
1,1,0,0,11,0,0,0,9,0,0,0,0,0,0,0,0,0,1,0,0,3,0,1,0,2,14,0,0,0,5,0,0,7,0,11,0,0,0,13,2,0,0,0,3,8,0,0,0,3,0,0,9,0,10,2,6,0,0,26,0,0,12,2,5,0,2,0,1,1,0,5,0,26,0,0,0,0,3,2,0,0,2,3,0,0,0,1,0,0,2,4,2,2,0,0,0,0,16,0,0,0,0,0,2,0,1
0,0,0,0,0,0,0,0,0,0,0,0,0,0,0,0,0,0,0,0,0,0,0,0,0,0,0,0,0,0,0,0,0,0,0,0,0,0,0,0,0,0,0,0,0,0,1,0,0,0,0,0,0,0,0,0,0,0,0,0,0,0,0,0,0,0,0,0,0,0,0,0,0,0,0,0,0,0,0,0,0,0,0,0,0,0,0,0,0,0,0,0,0,0,0,0,0,0,0,0,0,0,0,0,0,0,0
481,41,8,0,2257,2,3,22,1066,0,6,59,15,20,3,3,63,5,327,4,1,255,0,5,3,131,1005,8,9,39,304,7,1,443,0,1066,44,13,0,0,87,23,0,18,410,622,0,5,3,295,0,0,944,2,36,1001,257,0,5,5761,0,34,1148,152,58,4,105,16,2,302,0,410,0,16,255,70,0,54,144,25,5,1,13,153,0,70,0,179,6,0,235,387,266,520,0,0,7,21,5176,0,0,0,0,7,48,35,18
19,1,1,0,88,0,0,2,55,0,1,1,0,1,0,2,7,0,7,7,0,57,0,2,0,16,213,0,2,2,10,1,1,171,0,75,3,2,0,87,0,5,0,2,45,128,0,0,1,16,0,0,119,0,4,9,31,0,1,929,0,6,54,14,10,2,10,1,1,82,0,31,0,1,15,6,0,6,6,2,0,1,2,11,0,19,0,12,1,0,22,22,64,15,0,0,1,1,51,0,0,0,0,0,5,1,0
7,2,36,0,18,0,1,1,9,0,0,3,4,9,4,3,49,1,2,1,0,4,0,0,0,0,15,0,0,2,5,6,0,17,0,22,8,0,0,23,5,0,0,0,4,13,0,0,0,97,0,0,8,0,1,7,47,0,2,73,0,5,43,9,3,1,8,1,1,8,0,63,0,0,8,10,0,11,15,8,0,0,2,9,0,0,0,340,1,0,264,4,8,3,0,0,0,1,9,0,0,0,0,1,1,3,0
0,0,0,0,1,0,0,0,1,0,0,0,0,0,0,0,0,0,0,0,0,0,0,0,0,0,1,0,1,1,0,0,0,0,2,0,0,0,0,0,0,0,0,0,0,0,0,0,0,0,0,0,0,0,0,0,0,0,0,0,0,0,0,0,0,0,0,0,0,0,0,0,0,0,0,0,0,0,1,0,0,0,0,0,0,0,0,0,0,0,0,0,0,0,0,0,0,0,0,0,0,0,0,0,0,0,0
30,7,1,0,82,0,1,0,63,0,0,2,0,0,1,0,1,0,9,0,0,7,0,1,0,1,11,1,0,1,11,1,0,18,0,35,1,0,0,18,2,0,0,0,26,17,0,0,0,8,0,0,9,0,2,5,24,0,5,58,0,2,32,1,0,0,21,1,0,1,0,14,0,0,13,6,0,1,0,1,0,0,0,22,0,0,0,6,0,0,3,12,5,5,0,0,1,1,12,0,0,0,0,0,2,77,1
105,7,1,0,1337,1,2,15,2495,0,5,14,3,1,0,0,6,1,51,5,0,122,0,3,3,130,242,15,14,17,60,0,0,186,0,171,8,3,0,410,45,4,0,26,0,337,0,2,1,31,1,0,191,2,78,37,70,0,4,1417,0,2,172,49,18,2,58,4,3,79,0,83,0,5,59,10,0,7,47,11,4,0,4,318,0,160,0,19,1,0,35,47,178,53,0,0,63,3,160,0,0,0,0,5,86,24,4
413,42,9,0,881,1,4,87,1883,0,4,61,15,25,3,3,53,0,28,4,1,2655,0,13,13,96,2085,2,2,36,228,1,0,4804,0,868,46,8,0,622,128,13,0,17,337,0,0,6,4,142,0,0,1480,2,35,66,331,0,2,20678,0,26,1144,262,30,14,78,8,3,905,0,328,0,9,252,59,1,29,213,20,4,3,4,559,0,51,0,134,2,0,186,299,1400,118,0,0,6,6,463,0,0,0,0,1,154,32,18
0,0,0,0,0,0,0,0,0,0,0,0,0,0,0,0,0,0,0,0,0,0,0,0,0,0,0,0,0,0,0,0,0,0,0,0,0,0,1,0,0,0,0,0,0,0,0,0,0,0,0,0,0,0,0,0,0,0,0,0,0,0,0,0,0,0,0,0,0,0,0,0,0,0,0,0,0,0,0,0,0,0,0,0,0,0,0,0,0,0,0,0,0,0,0,0,0,0,0,0,0,0,0,0,0,0,0
0,0,0,0,0,0,0,1,10,0,0,0,0,1,0,0,1,0,0,0,0,0,0,0,16,0,0,0,0,0,0,0,0,4,0,2,0,0,0,5,0,0,0,0,2,6,0,0,10,1,0,0,1,0,0,1,0,0,0,7,0,0,2,1,0,1,2,1,0,1,0,1,0,0,1,0,0,0,1,0,0,12,0,9,0,1,0,0,0,0,1,0,3,2,0,0,0,0,3,0,0,0,0,0,2,0,0
0,0,0,0,0,0,0,0,4,0,0,0,0,0,0,0,0,0,1,0,0,1,0,0,10,0,0,0,0,0,0,0,0,5,0,1,0,0,0,3,1,0,0,0,1,4,0,10,0,1,0,0,0,0,0,1,1,0,0,6,0,0,0,1,0,0,1,0,0,0,0,0,0,0,0,0,0,0,1,0,0,7,0,9,0,0,0,0,0,0,0,0,2,1,0,0,0,0,3,0,0,0,0,0,0,0,0
225,28,60,0,216,2,3,11,137,0,0,81,214,79,38,36,175,23,13,1,0,80,0,0,2,10,112,1,1,7,286,25,0,165,0,527,248,3,0,295,16,97,0,8,31,142,0,1,1,0,0,0,70,1,10,37,809,0,7,793,0,154,1216,30,17,1,90,12,3,62,0,532,0,4,243,337,1,98,48,60,1,1,40,113,0,10,0,1038,4,0,836,149,64,52,0,0,1,22,154,0,0,0,0,4,12,32,13
0,0,0,0,0,0,0,0,1,0,0,0,0,0,0,0,0,0,0,0,0,0,0,0,0,0,0,0,0,0,0,0,0,0,0,0,0,0,0,0,0,0,0,0,1,0,0,0,0,0,0,0,0,0,0,0,0,0,0,1,0,0,0,0,0,0,0,0,0,0,0,0,0,0,0,0,0,0,0,0,0,0,0,1,0,0,0,0,0,0,0,0,0,0,0,0,0,0,0,0,0,0,0,0,0,0,0
0,0,0,0,0,0,0,0,0,0,0,0,0,0,0,0,0,0,0,0,0,0,0,0,0,0,0,0,0,0,0,0,0,0,0,0,0,0,0,0,0,0,0,0,0,0,0,0,0,0,0,0,0,0,0,0,0,0,0,0,0,0,0,0,0,0,0,0,0,0,0,0,0,0,0,0,0,0,0,0,0,0,0,0,0,0,0,0,0,0,0,0,0,0,0,0,0,0,0,0,0,0,0,0,0,0,0
292,22,3,0,650,1,2,12,1129,0,1,24,2,7,0,1,25,1,15,2,0,249,0,4,0,61,3542,1,3,12,121,4,0,580,0,503,7,9,0,944,119,8,0,9,191,1480,0,1,0,70,0,0,0,0,32,57,90,0,0,10422,0,12,596,73,41,8,24,2,1,607,0,230,0,15,122,22,0,10,69,17,1,0,4,76,0,54,0,55,1,0,76,230,275,118,0,0,1,1,491,0,0,0,0,1,64,6,6
2,0,0,0,5,0,0,0,6,0,0,0,0,0,0,0,0,0,0,0,0,1,0,1,0,2,2,0,0,0,0,0,0,1,0,5,0,0,0,2,0,0,0,0,2,2,0,0,0,1,0,0,0,0,0,0,0,0,0,11,0,0,2,0,0,0,0,0,0,0,0,2,0,1,0,0,0,0,0,0,0,0,0,0,0,0,0,0,0,0,0,0,1,0,0,0,0,0,4,0,0,0,0,0,0,0,0
18,7,1,0,64,0,0,0,113,0,0,0,1,0,0,0,1,0,4,2,0,15,0,33,0,46,39,1,2,0,8,0,0,25,0,27,1,10,0,36,4,1,0,2,78,35,0,0,0,10,0,0,32,0,0,8,12,0,1,192,0,1,30,2,3,0,6,0,0,18,0,14,0,8,14,4,1,1,1,4,1,0,0,18,0,1,0,2,0,0,15,10,12,7,0,0,0,1,18,0,0,0,0,0,8,15,1
70,7,4,0,123,0,0,7,130,0,0,4,2,3,2,1,4,0,53,1,0,25,0,1,2,8,82,0,0,3,38,1,0,62,0,99,4,2,0,1001,9,7,0,5,37,66,0,1,1,37,0,0,57,0,8,0,43,0,4,388,0,1,98,14,3,1,31,3,0,14,0,45,0,3,31,10,0,8,18,8,1,1,3,43,0,10,0,32,2,0,35,17,44,74,0,0,0,2,323,0,0,0,0,0,12,9,0
216,46,74,0,350,1,14,6,190,0,2,123,85,56,33,14,95,8,14,4,0,240,0,0,0,24,165,2,3,12,268,27,0,462,0,734,154,6,0,257,31,47,0,24,70,331,0,0,1,809,0,0,90,0,12,43,0,0,19,1351,0,83,1076,56,25,5,90,18,4,104,0,426,0,4,521,211,1,101,66,37,0,1,14,160,0,14,0,303,21,0,508,178,102,94,0,0,2,40,170,0,0,0,0,3,21,43,24
0,0,0,0,0,0,0,0,0,0,0,0,0,0,0,0,0,0,0,0,0,0,0,0,0,0,0,0,0,0,0,0,0,0,0,0,0,0,0,0,0,0,0,0,0,0,0,0,0,0,0,0,0,0,0,0,0,0,0,0,0,0,0,0,0,0,0,0,0,0,0,0,0,0,0,0,0,0,0,0,0,0,0,0,0,0,0,0,0,0,0,0,0,0,0,0,0,0,0,0,0,0,0,0,0,0,0
5,1,0,0,5,0,5,0,3,0,0,0,2,0,0,0,1,0,3,0,0,3,0,0,0,2,3,0,0,0,1,0,0,3,0,11,1,0,0,5,1,2,0,5,4,2,0,0,0,7,0,0,0,0,1,4,19,0,0,24,0,0,12,0,0,0,84,0,0,0,0,4,0,0,5,4,0,3,0,0,0,0,0,13,0,1,0,3,6,0,2,3,1,5,0,0,1,8,3,0,0,0,0,0,0,2,0
1953,186,48,0,6053,14,13,242,7326,0,28,204,70,74,22,10,244,6,185,41,0,6518,0,71,25,570,9983,23,28,192,1006,22,0,13615,2,3729,153,26,0,5761,929,73,0,58,1417,20678,0,7,6,793,1,0,10422,11,192,388,1351,0,24,0,0,148,4539,941,162,66,292,47,25,2456,1,1468,0,55,912,292,2,162,944,119,19,8,40,1275,0,335,0,679,13,0,895,1493,3711,637,0,0,19,23,2524,0,0,0,0,7,415,103,51
0,0,0,0,0,0,0,0,0,0,0,0,0,0,0,0,0,0,0,0,0,0,0,0,0,0,0,0,0,0,0,0,0,0,0,0,0,0,0,0,0,0,0,0,0,0,0,0,0,0,0,0,0,0,0,0,0,0,0,0,0,0,0,0,0,0,0,0,0,0,0,0,0,0,0,0,0,0,0,0,0,0,0,0,0,0,0,0,0,0,0,0,0,0,0,0,0,0,0,0,0,0,0,0,0,0,0
27,9,5,0,43,0,0,0,18,0,0,9,24,19,8,2,42,0,0,0,0,8,0,1,0,0,17,0,0,0,108,4,0,13,0,192,46,0,0,34,6,5,0,2,2,26,0,0,0,154,0,0,12,0,1,1,83,0,0,148,0,0,269,3,0,1,2,0,0,8,0,66,0,0,22,118,0,9,2,3,0,0,2,7,0,1,0,50,0,0,109,105,12,0,0,0,0,1,13,0,0,0,0,0,3,2,3
3158,273,27,0,688,1,37,19,689,0,6,500,106,178,24,29,172,4,43,2,9,385,0,7,1,49,660,0,6,15,3834,15,0,654,1,9306,419,12,0,1148,54,43,0,32,172,1144,0,2,0,1216,0,0,596,2,30,98,1076,0,12,4539,0,269,0,94,34,9,173,29,11,221,0,1910,0,13,2482,798,2,66,80,49,1,0,18,198,0,29,0,388,39,0,702,4262,250,216,0,0,7,50,652,0,0,0,0,4,39,142,184
36,5,5,0,226,1,0,1905,289,0,3,7,4,2,0,2,16,0,5,2,0,256,0,2,4,6,126,3,2,817,23,2,0,252,0,58,3,2,0,152,14,9,0,1,49,262,0,1,1,30,0,0,73,0,2,14,56,0,0,941,0,3,94,0,15,2,21,2,1,66,0,56,0,8,38,13,0,11,6932,21,1,0,0,78,0,4,0,53,1,0,47,29,69,24,0,0,0,2,99,0,0,0,0,0,15,4,3
19,0,2,0,62,2,0,4,25,0,0,3,1,1,1,0,6,0,7,0,0,18,0,1,0,2,187,0,0,7,13,1,0,32,0,41,1,5,0,58,10,3,0,0,18,30,0,0,0,17,0,0,41,0,3,3,25,0,0,162,0,0,34,15,0,1,2,1,0,150,0,23,0,17,9,7,1,5,25,20,0,0,0,14,0,2,0,31,0,0,19,10,14,9,0,0,0,1,123,0,0,0,0,0,2,2,0
7,0,1,0,18,0,0,0,26,0,0,0,0,0,0,0,0,0,1,0,0,6,0,0,1,5,11,0,0,0,4,0,0,7,0,9,1,0,0,4,2,1,0,0,2,14,0,1,0,1,0,0,8,0,0,1,5,0,0,66,0,1,9,2,1,0,1,0,0,2,0,5,0,0,3,0,0,0,1,2,0,1,0,28,0,0,0,2,0,0,2,3,5,4,0,0,0,0,6,0,0,0,0,0,2,0,0
89,10,3,0,204,0,16,7,129,0,8,17,4,4,0,0,16,0,24,2,0,45,0,1,2,7,38,0,2,2,46,2,0,54,1,137,12,2,0,105,10,8,0,21,58,78,0,2,1,90,0,0,24,0,6,31,90,0,84,292,0,2,173,21,2,1,0,68,26,11,0,104,0,3,40,21,0,7,18,2,0,1,1,229,0,5,0,34,29,0,64,32,28,34,0,0,6,14,35,0,0,0,0,1,10,21,4
10,4,1,0,19,0,0,2,19,0,0,5,4,1,1,1,0,0,2,0,0,9,0,0,2,0,12,0,0,1,2,1,0,19,0,17,2,0,0,16,1,1,0,1,4,8,0,1,0,12,0,0,2,0,0,3,18,0,0,47,0,0,29,2,1,0,68,0,0,4,0,17,0,0,10,2,0,1,3,1,0,0,1,20,0,0,0,9,0,0,12,6,4,3,0,0,0,0,10,0,0,0,0,0,2,3,1
2,0,0,0,50,0,0,0,19,0,21,0,0,0,0,0,1,0,1,0,0,3,0,0,0,2,6,0,0,0,1,0,0,10,0,2,0,1,0,2,1,1,0,0,3,3,0,0,0,3,0,0,1,0,0,0,4,0,0,25,0,0,11,1,0,0,26,0,0,2,0,1,0,0,1,2,0,1,0,0,0,0,0,19,0,1,0,2,0,0,2,0,1,0,0,0,0,1,2,0,0,0,0,0,0,0,0
89,9,19,0,333,2,2,20,278,0,1,5,2,8,5,5,29,1,15,8,0,181,0,2,1,23,1304,2,0,20,50,3,0,308,0,195,10,1,0,302,82,8,0,1,79,905,0,1,0,62,0,0,607,0,18,14,104,0,0,2456,0,8,221,66,150,2,11,4,2,0,0,96,0,6,51,14,0,41,83,32,1,1,7,46,0,11,0,46,0,0,107,68,160,39,0,0,1,3,237,0,0,0,0,1,17,4,1
0,0,0,0,0,0,0,0,0,0,0,0,0,0,0,0,0,0,0,1,0,0,0,0,0,0,1,0,0,0,0,0,0,0,0,0,0,0,0,0,0,0,0,0,0,0,0,0,0,0,0,0,0,0,0,0,0,0,0,1,0,0,0,0,0,0,0,0,0,0,0,0,0,0,0,0,0,0,0,0,0,0,0,0,0,0,0,0,0,0,0,0,0,0,0,0,0,0,0,0,0,0,0,0,0,0,0
1192,61,24,0,348,1,8,11,295,0,1,91,53,44,17,8,121,9,22,2,1,131,0,3,2,20,279,0,1,7,550,25,0,233,0,1720,228,5,0,410,31,63,0,14,83,328,0,1,0,532,0,0,230,2,14,45,426,0,4,1468,0,66,1910,56,23,5,104,17,1,96,0,0,0,4,439,213,2,54,54,53,1,2,8,96,0,9,0,372,10,0,470,468,83,111,0,0,3,11,211,0,0,0,0,6,16,33,46
0,0,0,0,0,0,0,0,0,0,0,0,0,0,0,0,0,0,0,0,0,0,0,0,0,0,0,0,0,0,0,0,0,0,0,0,0,0,0,0,0,0,0,0,0,0,0,0,0,0,0,0,0,0,0,0,0,0,0,0,0,0,0,0,0,0,0,0,0,0,0,0,0,0,0,0,0,0,0,0,0,0,0,0,0,0,0,0,0,0,0,0,0,0,0,0,0,0,0,0,0,0,0,0,0,0,0
9,1,1,0,15,0,0,1,7,0,0,3,0,0,1,0,0,0,7,0,0,6,0,0,0,0,14,0,0,4,6,0,0,8,0,12,1,26,0,16,1,0,0,0,5,9,0,0,0,4,0,0,15,1,8,3,4,0,0,55,0,0,13,8,17,0,3,0,0,6,0,4,0,0,4,0,1,3,5,1,0,0,0,9,0,1,0,6,0,0,4,4,3,2,0,0,0,1,17,0,0,0,0,1,2,3,0
576,189,1,0,150,0,5,8,211,0,2,510,20,40,7,4,12,0,8,1,0,87,0,1,4,19,138,0,0,1,799,1,0,127,0,1805,107,0,0,255,15,8,0,13,59,252,0,1,0,243,0,0,122,0,14,31,521,0,5,912,0,22,2482,38,9,3,40,10,1,51,0,439,0,4,0,100,6,16,29,16,0,0,0,88,0,6,0,49,14,0,74,511,56,86,0,0,1,21,162,0,0,0,0,5,17,70,29
54,27,14,0,45,0,4,1,45,0,0,37,34,64,3,8,58,4,5,0,0,39,0,0,0,6,48,0,0,2,193,7,0,80,0,347,146,0,0,70,6,10,0,6,10,59,0,0,0,337,0,0,22,0,4,10,211,0,4,292,0,118,798,13,7,0,21,2,2,14,0,213,0,0,100,0,0,19,15,5,0,0,4,24,0,4,0,128,0,0,218,85,15,15,0,0,0,5,52,0,0,0,0,2,1,8,9
2,1,0,0,1,0,0,0,0,0,0,2,0,0,0,0,0,0,0,0,0,1,0,0,0,0,1,0,0,0,0,0,0,3,0,1,0,0,0,0,0,0,0,0,0,1,0,0,0,1,0,0,0,0,1,0,1,0,0,2,0,0,2,0,1,0,0,0,0,0,0,2,0,1,6,0,0,0,0,0,0,0,0,0,0,0,0,0,0,0,0,2,0,0,0,0,0,0,0,0,0,0,0,0,0,1,0
13,2,27,0,55,0,0,4,28,0,0,5,14,5,8,2,23,1,15,2,0,26,0,0,0,2,43,0,0,3,7,36,0,49,0,27,18,0,0,54,6,11,0,1,7,29,0,0,0,98,0,0,10,0,1,8,101,0,3,162,0,9,66,11,5,0,7,1,1,41,0,54,0,3,16,19,0,0,12,0,1,0,10,10,0,2,0,60,1,0,107,5,13,5,0,0,0,2,15,0,0,0,0,0,4,2,1
25,5,5,0,266,3,0,878,236,0,3,2,3,2,1,0,20,0,11,2,0,233,0,0,2,6,107,1,2,1570,27,4,0,227,1,65,5,3,0,144,6,15,1,0,47,213,0,1,1,48,0,0,69,0,1,18,66,0,0,944,0,2,80,6932,25,1,18,3,0,83,0,54,0,5,29,15,0,12,0,21,0,0,4,88,0,5,0,59,2,0,73,26,67,20,0,0,0,1,104,0,0,0,0,1,18,6,3
40,2,3,0,48,2,0,8,46,0,0,6,7,2,8,0,9,0,1,1,0,21,0,0,0,1,37,0,0,4,9,2,0,22,0,45,4,2,0,25,2,8,0,1,11,20,0,0,0,60,0,0,17,0,4,8,37,0,0,119,0,3,49,21,20,2,2,1,0,32,0,53,0,1,16,5,0,0,21,0,0,0,4,8,0,1,0,37,0,0,25,10,8,12,0,0,0,0,51,0,0,0,0,4,5,3,0
1,0,0,0,18,0,0,0,15,0,0,0,0,0,0,0,0,0,0,0,0,1,0,0,0,0,2,5,0,0,0,0,0,2,0,2,0,0,0,5,0,0,0,0,4,4,0,0,0,1,0,0,1,0,1,1,0,0,0,19,0,0,1,1,0,0,0,0,0,1,0,1,0,0,0,0,0,1,0,0,0,0,0,1,0,0,0,0,0,0,1,0,3,0,0,0,0,0,2,0,0,0,0,0,0,0,0
0,0,0,0,0,0,0,0,5,0,0,0,0,0,0,0,0,0,0,0,0,1,0,0,13,0,1,0,0,1,0,0,0,4,0,0,0,0,0,1,1,0,0,0,0,3,0,12,7,1,0,0,0,0,0,1,1,0,0,8,0,0,0,0,0,1,1,0,0,1,0,2,0,0,0,0,0,0,0,0,0,0,0,7,0,0,0,0,0,0,0,0,2,0,0,0,0,0,2,0,0,0,0,0,0,0,0
3,0,4,0,18,0,0,0,6,0,0,1,3,4,2,1,4,1,1,1,0,4,0,0,0,1,9,0,0,1,4,3,0,13,0,4,2,2,0,13,2,2,0,0,4,4,0,0,0,40,0,0,4,0,0,3,14,0,0,40,0,2,18,0,0,0,1,1,0,7,0,8,0,0,0,4,0,10,4,4,0,0,0,2,0,0,0,35,0,0,23,4,4,1,0,0,0,0,5,0,0,0,0,1,0,1,1
96,10,9,0,384,2,0,23,2099,0,22,16,11,8,2,4,45,5,15,10,0,391,0,1,20,41,123,0,4,21,45,3,0,414,0,168,20,3,0,153,11,9,0,22,318,559,0,9,9,113,1,0,76,0,18,43,160,0,13,1275,0,7,198,78,14,28,229,20,19,46,0,96,0,9,88,24,0,10,88,8,1,7,2,0,0,12,0,99,1,0,147,32,155,44,0,0,5,5,139,0,0,1,0,2,227,21,2
0,0,0,0,0,0,0,0,0,0,0,0,0,0,0,0,0,0,0,0,0,0,0,0,0,0,0,0,0,0,0,0,0,0,0,0,0,0,0,0,0,0,0,0,0,0,0,0,0,0,0,0,0,0,0,0,0,0,0,0,0,0,0,0,0,0,0,0,0,0,0,0,0,0,0,0,0,0,0,0,0,0,0,0,0,0,0,0,0,0,0,0,0,0,0,0,0,0,0,0,0,0,0,0,0,0,0
9,1,0,0,52,0,0,1,44,0,1,1,1,1,0,0,1,0,3,1,0,18,0,0,1,14,60,0,0,1,10,0,0,59,0,29,2,0,0,70,19,0,0,0,160,51,0,1,0,10,0,0,54,0,1,10,14,0,1,335,0,1,29,4,2,0,5,0,1,11,0,9,0,1,6,4,0,2,5,1,0,0,0,12,0,0,0,7,1,0,8,5,39,6,0,0,1,3,33,0,0,0,0,0,1,0,0
0,0,0,0,0,0,0,0,0,0,0,0,0,0,0,0,0,0,0,0,0,0,0,0,0,0,0,0,0,0,0,0,0,0,0,0,0,0,0,0,0,0,0,0,0,0,0,0,0,0,0,0,0,0,0,0,0,0,0,0,0,0,0,0,0,0,0,0,0,0,0,0,0,0,0,0,0,0,0,0,0,0,0,0,0,0,0,0,0,0,0,0,0,0,0,0,0,0,0,0,0,0,0,0,0,0,0
98,7,117,0,99,6,2,16,106,0,0,19,56,25,35,17,282,8,10,1,0,77,0,1,0,5,113,1,0,12,87,22,0,207,0,192,112,1,0,179,12,340,0,6,19,134,0,0,0,1038,0,0,55,0,2,32,303,0,3,679,0,50,388,53,31,2,34,9,2,46,0,372,0,6,49,128,0,60,59,37,0,0,35,99,0,7,0,0,2,0,1707,64,52,23,0,0,1,1,106,0,0,0,0,5,7,7,7
13,2,1,0,4,0,7,1,2,0,0,4,1,0,0,0,1,1,0,0,0,2,0,0,0,2,3,0,1,0,11,0,0,1,0,30,4,0,0,6,1,1,0,0,1,2,0,0,0,4,0,0,1,0,0,2,21,0,6,13,0,0,39,1,0,0,29,0,0,0,0,10,0,0,14,0,0,1,2,0,0,0,0,1,0,1,0,2,0,0,0,8,3,4,0,0,0,17,0,0,0,0,0,0,0,3,1
0,0,0,0,0,0,0,0,0,0,0,0,0,0,0,0,0,0,0,0,0,0,0,0,0,0,0,0,0,0,0,0,0,0,0,0,0,0,0,0,0,0,0,0,0,0,0,0,0,0,0,0,0,0,0,0,0,0,0,0,0,0,0,0,0,0,0,0,0,0,0,0,0,0,0,0,0,0,0,0,0,0,0,0,0,0,0,0,0,0,0,0,0,0,0,0,0,0,0,0,0,0,0,0,0,0,0
104,15,157,0,193,7,2,16,133,0,2,17,64,40,32,19,417,4,11,2,0,142,0,0,0,14,196,2,1,8,129,24,0,286,0,295,153,2,0,235,22,264,0,3,35,186,0,1,0,836,0,0,76,0,15,35,508,0,2,895,0,109,702,47,19,2,64,12,2,107,0,470,0,4,74,218,0,107,73,25,1,0,23,147,0,8,0,1707,0,0,0,81,77,30,0,0,0,7,111,0,0,0,0,4,10,12,6
882,127,2,0,223,1,1,2,229,0,1,102,11,34,0,2,23,0,16,2,0,79,0,3,1,25,215,0,2,4,945,3,0,112,0,3565,39,4,0,387,22,4,0,12,47,299,0,0,0,149,0,0,230,0,10,17,178,0,3,1493,0,105,4262,29,10,3,32,6,0,68,0,468,0,4,511,85,2,5,26,10,0,0,4,32,0,5,0,64,8,0,81,0,73,54,0,0,0,6,176,0,0,0,0,1,12,29,67
99,9,6,0,341,2,1,20,519,0,4,15,3,8,2,1,17,0,8,3,0,659,0,3,2,36,380,7,5,12,60,5,0,828,0,180,7,2,0,266,64,8,0,5,178,1400,0,3,2,64,0,0,275,1,12,44,102,0,1,3711,0,12,250,69,14,5,28,4,1,160,0,83,0,3,56,15,0,13,67,8,3,2,4,155,0,39,0,52,3,0,77,73,0,45,0,0,2,2,224,0,0,0,0,1,39,7,2
110,18,5,0,206,0,1,2,183,0,0,22,2,1,0,2,7,2,22,0,0,49,0,1,1,8,157,0,0,4,59,3,0,89,0,218,6,2,0,520,15,3,0,5,53,118,0,2,1,52,0,0,118,0,7,74,94,0,5,637,0,0,216,24,9,4,34,3,0,39,0,111,0,2,86,15,0,5,20,12,0,0,1,44,0,6,0,23,4,0,30,54,45,0,0,0,3,7,220,0,0,0,0,2,13,12,4
0,0,0,0,0,0,0,0,0,0,0,0,0,0,0,0,0,0,0,0,0,0,0,0,0,0,0,0,0,0,0,0,0,0,0,0,0,0,0,0,0,0,0,0,0,0,0,0,0,0,0,0,0,0,0,0,0,0,0,0,0,0,0,0,0,0,0,0,0,0,0,0,0,0,0,0,0,0,0,0,0,0,0,0,0,0,0,0,0,0,0,0,0,0,0,0,0,0,0,0,0,0,0,0,0,0,0
0,0,0,0,0,0,0,0,0,0,0,0,0,0,0,0,0,0,0,0,0,0,0,0,0,0,0,0,0,0,0,0,0,0,0,0,0,0,0,0,0,0,0,0,0,0,0,0,0,0,0,0,0,0,0,0,0,0,0,0,0,0,0,0,0,0,0,0,0,0,0,0,0,0,0,0,0,0,0,0,0,0,0,0,0,0,0,0,0,0,0,0,0,0,0,0,0,0,0,0,0,0,0,0,0,0,0
2,0,0,0,8,0,0,0,8,0,0,0,1,0,0,0,1,1,5,0,0,2,0,0,0,1,1,0,0,0,1,1,0,4,0,3,1,0,0,7,1,0,0,1,63,6,0,0,0,1,0,0,1,0,0,0,2,0,1,19,0,0,7,0,0,0,6,0,0,1,0,3,0,0,1,0,0,0,0,0,0,0,0,5,0,1,0,1,0,0,0,0,2,3,0,0,0,0,2,0,0,0,0,0,2,0,0
14,0,3,0,7,0,9,0,4,0,0,7,2,1,0,0,6,0,0,1,0,1,0,0,0,2,3,0,0,0,12,0,0,6,0,39,4,0,0,21,1,1,0,1,3,6,0,0,0,22,0,0,1,0,1,2,40,0,8,23,0,1,50,2,1,0,14,0,1,3,0,11,0,1,21,5,0,2,1,0,0,0,0,5,0,3,0,1,17,0,7,6,2,7,0,0,0,0,7,0,0,0,0,0,0,6,2
294,25,7,0,678,7,1,18,577,0,3,51,8,11,3,5,27,6,99,7,0,171,0,4,5,29,915,5,6,24,161,5,0,267,0,678,22,16,0,5176,51,9,0,12,160,463,0,3,3,154,0,0,491,4,18,323,170,0,3,2524,0,13,652,99,123,6,35,10,2,237,0,211,0,17,162,52,0,15,104,51,2,2,5,139,0,33,0,106,0,0,111,176,224,220,0,0,2,7,0,0,0,0,0,5,43,23,18
0,0,0,0,0,0,0,0,0,0,0,0,0,0,0,0,0,0,0,0,0,0,0,0,0,0,0,0,0,0,0,0,0,0,0,0,0,0,0,0,0,0,0,0,0,0,0,0,0,0,0,0,0,0,0,0,0,0,0,0,0,0,0,0,0,0,0,0,0,0,0,0,0,0,0,0,0,0,0,0,0,0,0,0,0,0,0,0,0,0,0,0,0,0,0,0,0,0,0,0,0,0,0,0,0,0,0
0,0,0,0,0,0,0,0,0,0,0,0,0,0,0,0,0,0,0,0,0,0,0,0,0,0,0,0,0,0,0,0,0,0,0,0,0,0,0,0,0,0,0,0,0,0,0,0,0,0,0,0,0,0,0,0,0,0,0,0,0,0,0,0,0,0,0,0,0,0,0,0,0,0,0,0,0,0,0,0,0,0,0,0,0,0,0,0,0,0,0,0,0,0,0,0,0,0,0,0,0,0,0,0,0,0,0
1,0,0,0,0,0,0,0,0,0,0,0,0,0,0,0,0,0,0,0,0,0,0,0,0,0,0,0,0,0,0,0,0,0,0,0,0,0,0,0,0,0,0,0,0,0,0,0,0,0,0,0,0,0,0,0,0,0,0,0,0,0,0,0,0,0,0,0,0,0,0,0,0,0,0,0,0,0,0,0,0,0,0,1,0,0,0,0,0,0,0,0,0,0,0,0,0,0,0,0,0,0,0,0,0,0,0
0,0,0,0,0,0,0,0,0,0,0,0,0,0,0,0,0,0,0,0,0,0,0,0,0,0,0,0,0,0,0,0,0,0,0,0,0,0,0,0,0,0,0,0,0,0,0,0,0,0,0,0,0,0,0,0,0,0,0,0,0,0,0,0,0,0,0,0,0,0,0,0,0,0,0,0,0,0,0,0,0,0,0,0,0,0,0,0,0,0,0,0,0,0,0,0,0,0,0,0,0,0,0,0,0,0,0
10,0,0,0,5,0,0,0,3,0,0,1,1,0,0,1,0,0,0,0,0,0,0,0,0,0,1,0,0,0,1,0,0,2,0,3,3,0,0,7,0,1,0,0,5,1,0,0,0,4,0,0,1,0,0,0,3,0,0,7,0,0,4,0,0,0,1,0,0,1,0,6,0,1,5,2,0,0,1,4,0,0,1,2,0,0,0,5,0,0,4,1,1,2,0,0,0,0,5,0,0,0,0,0,0,0,0
18,1,0,0,80,1,0,6,1358,0,0,7,0,1,1,1,1,0,2,1,0,52,0,0,2,8,41,0,3,4,12,1,0,52,0,38,4,2,0,48,5,1,0,2,86,154,0,2,0,12,0,0,64,0,8,12,21,0,0,415,0,3,39,15,2,2,10,2,0,17,0,16,0,2,17,1,0,4,18,5,0,0,0,227,0,1,0,7,0,0,10,12,39,13,0,0,2,0,43,0,0,0,0,0,0,4,0
77,12,2,0,52,0,0,2,40,0,0,27,1,1,0,0,0,1,5,1,0,17,0,0,0,2,10,0,0,1,46,2,0,17,0,113,8,0,0,35,1,3,0,77,24,32,0,0,0,32,0,0,6,0,15,9,43,0,2,103,0,2,142,4,2,0,21,3,0,4,0,33,0,3,70,8,1,2,6,3,0,0,1,21,0,0,0,7,3,0,12,29,7,12,0,0,0,6,23,0,0,0,0,0,4,0,1
49,3,0,0,11,0,0,1,12,0,0,9,1,3,0,0,1,0,1,0,0,9,0,0,0,1,7,0,0,1,54,1,0,4,0,146,4,1,0,18,0,0,0,1,4,18,0,0,0,13,0,0,6,0,1,0,24,0,0,51,0,3,184,3,0,0,4,1,0,1,0,46,0,0,29,9,0,1,3,0,0,0,1,2,0,0,0,7,1,0,6,67,2,4,0,0,0,2,18,0,0,0,0,0,0,1,0
